diputadoID,nombre,distrito
1,"#, Legislador a Designar",Buenos Aires
2,"#, Legislador a Designar",Cdad.Aut.Bs.As.
3,"#, Legislador a Designar",Chubut
4,"#, Legislador a Designar",Córdoba
5,"#, Legislador a Designar",San Juan
6,"#, Legislador a Designar",Santa Cruz
7,"#, Legislador a Designar",Santa Fe
8,"#, Legislador a Designar",Santiago del Estero
9,"#, Legislador a Designar",Tucumán
10,"ABALOS, Roberto",Santiago del Estero
11,"ABASTO, Angel Leonidas",Buenos Aires
12,"ABDALA de MATARAZZO, Norma Amanda",Santiago del Estero
13,"ABDALA, Josefina",Mendoza
14,"ABELLA, Miguel Angel",Córdoba
15,"ABRAHAM, Alejandro",Mendoza
16,"ACCASTELLO, Eduardo",Córdoba
17,"ACCAVALLO, Julio César",Rio Negro
18,"ACEVEDO, Sergio Edgardo",Santa Cruz
19,"ACOSTA de AHUMADA, María Julia",Catamarca
20,"ACUÑA KUNZ, Juan",Santa Cruz
21,"ACUÑA, Hugo Rodolfo",Neuquén
22,"AGOSTO, Walter",Santa Fe
23,"AGUAD, Oscar Raúl",Córdoba
24,"AGUERO, Elda Susana",Buenos Aires
25,"AGUILAR, Lino Walter",San Luis
26,"AGUIRRE de SORIA, Hilda",La Rioja
27,"ALARCIA, Martha Carmen",Córdoba
28,"ALARCON, María del Carmen",Santa Fe
29,"ALBARRACIN, Jorge Luis",Mendoza
30,"ALBRIEU, Oscar Edmundo Nicolas",Rio Negro
31,"ALBRISI, César Alfredo",Córdoba
32,"ALCHOURON, Guillermo Eduardo",Buenos Aires
33,"ALCUAZ, Horacio Alberto",Buenos Aires
34,"ALEGRE, Gilberto",Buenos Aires
35,"ALESANDRI, Carlos Tomas",Córdoba
36,"ALESSANDRO, Dario Pedro",Cdad.Aut.Bs.As.
37,"ALFARO, Germán Enrique",Tucumán
38,"ALFONSIN, Ricardo Luis",Buenos Aires
39,"ALIZEGUI, Antonio Anibal",Entre Ríos
40,"ALLENDE IRIARTE, Alberto",Cdad.Aut.Bs.As.
41,"ALLENDE, Alfredo Estanislao",Buenos Aires
42,"ALONSO, Gumersindo Federico",Córdoba
43,"ALONSO, Laura",Cdad.Aut.Bs.As.
44,"ALONSO, María Luz",La Pampa
45,"ALVAREZ RODRIGUEZ, Cristina",Buenos Aires
46,"ALVAREZ, Elsa María",Santa Cruz
47,"ALVAREZ, Jorge Mario",Santa Fe
48,"ALVAREZ, Juan José",Buenos Aires
49,"ALVAREZ, Roque Tobías",Tucumán
50,"ALVARO, Héctor Jorge",Mendoza
51,"AMADEO, Eduardo Pablo",Buenos Aires
52,"AMENTA, Marcelo Eduardo",Buenos Aires
53,"AMSTUTZ, Guillermo",Mendoza
54,"ANAUATE, Carlos Alfredo",Santiago del Estero
55,"ANCARANI, Hilda Norma",Buenos Aires
56,"ARAGON, Santiago",Buenos Aires
57,"ARAGONES de JUAREZ, Mercedes María",Santiago del Estero
58,"ARBO, José Ameghino",Corrientes
59,"ARDID, Mario Rolando",Córdoba
60,"ARENA, Celia Isabel",Santa Fe
61,"ARENAS, Berta",San Luis
62,"ARETA, María Josefa",Corrientes
63,"ARGÜELLO, Jorge",Cdad.Aut.Bs.As.
64,"ARGÜELLO, Octavio",Buenos Aires
65,"ARGUL, Marta del Carmen",Jujuy
66,"ARGUMEDO, Alcira Susana",Cdad.Aut.Bs.As.
67,"ARNALDI, Monica Susana",Buenos Aires
68,"ARNOLD, Eduardo Ariel",Santa Cruz
69,"ARREGUI, Andrés Roberto",Buenos Aires
70,"ARRIAGA, Julio Esteban",Rio Negro
71,"ARTOLA, Isabel Amanda",Buenos Aires
72,"ASEF, Daniel Edgardo",Córdoba
73,"ASPIAZU, Lucio Bernardo",Corrientes
74,"ASSEFF, Alberto Emilio",Buenos Aires
75,"ATANASOF, Alfredo Néstor",Buenos Aires
76,"AUGSBURGER, Silvia",Santa Fe
77,"AVOSCAN, Herman Horacio",Rio Negro
78,"AYALA, Juan Carlos",Chaco
79,"AZCOITI, Pedro José",Buenos Aires
80,"BAGLINI, Raúl Eduardo",Mendoza
81,"BAIGORRI, Guillermo Francisco",San Juan
82,"BAIGORRIA, Miguel Angel",Tierra del Fuego
83,"BALADRON, Manuel Justo",La Pampa
84,"BALCEDO, María Ester",Buenos Aires
85,"BALDASSI, Héctor",Córdoba
86,"BALDATA, Griselda Angela",Córdoba
87,"BALESTRA, René Helvecio",Santa Fe
88,"BALESTRINI, Alberto",Buenos Aires
89,"BALIAN, Alejandro",Córdoba
90,"BALTER, Carlos Mario",Mendoza
91,"BALTUZZI, Angel Enzo",Santa Fe
92,"BARAGIOLA, Vilma Rosana",Buenos Aires
93,"BARBAGELATA, María Elena",Cdad.Aut.Bs.As.
94,"BARBIERI, Mario Leandro",Buenos Aires
95,"BARCHETTA, Omar Segundo",Santa Fe
96,"BARDEGGIA, Luis Maria",Rio Negro
97,"BARLETTA, Mario Domingo",Santa Fe
98,"BARRANDEGUY, Raúl Enrique",Entre Ríos
99,"BARRETO, Jorge Rubén",Entre Ríos
100,"BARRIONUEVO, José Luis",Catamarca
101,"BARRIOS, Miguel Angel",Santa Fe
102,"BARTOLUCCI, Gilda Liliana",San Luis
103,"BASILE, Daniel Armando",Buenos Aires
104,"BASTEIRO, Sergio Ariel",Buenos Aires
105,"BASTERRA, Luis Eugenio",Formosa
106,"BASUALDO, Roberto",San Juan
107,"BAYLAC, Juan Pablo",Buenos Aires
108,"BAYONZO, Liliana Amelia",Chaco
109,"BAZZE, Miguel Ángel",Buenos Aires
110,"BECCANI, Alberto Juan",Santa Fe
111,"BECERRA, Omar Enrique",Tierra del Fuego
112,"BEDANO, Nora Esther",Córdoba
113,"BEJARANO, Mario Fernando",Formosa
114,"BELOUS, Nélida",Tierra del Fuego
115,"BENAS, Verónica Claudia",Santa Fe
116,"BENEDETTI, Atilio Francisco Salvador",Entre Ríos
117,"BERGMAN, Sergio",Cdad.Aut.Bs.As.
118,"BERNAL, María Eugenia",Jujuy
119,"BERNAZZA, Claudia Alicia",Buenos Aires
120,"BERRAUTE, Ana",Santa Fe
121,"BERTOL, Paula María",Cdad.Aut.Bs.As.
122,"BERTOLYOTTI, Delma Noemí",Entre Ríos
123,"BERTONE, Rosana Andrea",Tierra del Fuego
124,"BETTANIN, Juan Carlos",Santa Fe
125,"BEVACQUA, Adriana Norma",Entre Ríos
126,"BEVERAGGI, Margarita Beatriz",Chaco
127,"BIANCHI SILVESTRE, Marcela",Buenos Aires
128,"BIANCHI, Ivana María",San Luis
129,"BIANCHI, María del Carmen",Cdad.Aut.Bs.As.
130,"BIANCO, Lía Fabiola",Misiones
131,"BIDEGAIN, Gloria Mercedes",Buenos Aires
132,"BIELLA CALVET, Bernardo José",Salta
133,"BIELSA, Rafael",Cdad.Aut.Bs.As.
134,"BIGLIERI, María Emilia",Santa Fe
135,"BINNER, Hermes",Santa Fe
136,"BISUTTI, Delia Beatriz",Cdad.Aut.Bs.As.
137,"BLANCO de PERALTA, Blanca",Santa Cruz
138,"BLANCO, Jesus Abel",Buenos Aires
139,"BONACINA, Mario Hector",Santiago del Estero
140,"BONACORSI, Juan Carlos",Buenos Aires
141,"BONASSO, Miguel",Cdad.Aut.Bs.As.
142,"BONINO, Miguel Angel",San Luis
143,"BORDENAVE, Marcela Antonia",Buenos Aires
144,"BORRELLI, Osvaldo Martín",Cdad.Aut.Bs.As.
145,"BORSANI, Luis Gustavo",Mendoza
146,"BORTOLOZZI de BOGADO, Adriana Raquel",Formosa
147,"BOSCH de SARTORI, Irene Miriam",Misiones
148,"BOSSA, Mauricio",Córdoba
149,"BOYADJIAN, Graciela Eunice",Tierra del Fuego
150,"BRANDONI, Adalberto Luis",Buenos Aires
151,"BRAVO, Alfredo Pedro",Cdad.Aut.Bs.As.
152,"BRAWER, Mara",Cdad.Aut.Bs.As.
153,"BREARD, Noel Eugenio",Corrientes
154,"BRILLO, José Ricardo",Neuquén
155,"BRIOZZO, Alberto Nicolas",Buenos Aires
156,"BRITOS, Oraldo Norvel",San Luis
157,"BRIZUELA DEL MORAL, Eduardo",Catamarca
158,"BRIZUELA Y DORIA DE CARA, Olga Inés",La Rioja
159,"BROMBERG, Isaac Benjamín",Tucumán
160,"BROWN, Carlos Ramón",Buenos Aires
161,"BRUE, Daniel Agustín",Santiago del Estero
162,"BUCCO, Jorge Luis",Córdoba
163,"BULACIO, Nancy Evangelina",Tucumán
164,"BULLRICH, Esteban",Cdad.Aut.Bs.As.
165,"BULLRICH, Patricia",Cdad.Aut.Bs.As.
166,"BURGOS, María Gabriela",Jujuy
167,"BURYAILE, Ricardo",Formosa
168,"BURZACO, Eugenio",Buenos Aires
169,"BUSSI, Ricardo Argentino",Tucumán
170,"BUSTI, Jorge Pedro",Entre Ríos
171,"CABALLERO MARTIN, Carlos Aurelio",Santa Fe
172,"CABANDIE, Juan",Cdad.Aut.Bs.As.
173,"CACERES, Eduardo",San Juan
174,"CACERES, Gladys Antonia",La Rioja
175,"CAFIERO, Mario Alejandro",Buenos Aires
176,"CALCAGNO, Eric",Buenos Aires
177,"CALCHAQUI, Mariel",Tierra del Fuego
178,"CALVO, Pedro Jorge Camilo",Cdad.Aut.Bs.As.
179,"CALZA, Nelio Higinio",Entre Ríos
180,"CAMAÑO, Dante",Buenos Aires
181,"CAMAÑO, Eduardo Oscar",Buenos Aires
182,"CAMAÑO, Graciela",Buenos Aires
183,"CAMBARERI, Fortunato Rafael",Chubut
184,"CANELA, Susana Mercedes",Salta
185,"CANEVAROLO, Dante Omar",Santa Cruz
186,"CANO, José",Tucumán
187,"CANTERO GUTIERREZ, Alberto",Córdoba
188,"CANTERO, Fernando Alfredo",Cdad.Aut.Bs.As.
189,"CANTEROS, Gustavo Jesús Adolfo",Corrientes
190,"CANTINI, Guillermo Marcelo",Cdad.Aut.Bs.As.
191,"CANTOS, José María",Santiago del Estero
192,"CAPELLO, Mario Osvaldo",San Juan
193,"CAPPELLERI, Pascual",Buenos Aires
194,"CARBONETTO, Daniel",Buenos Aires
195,"CARCA, Elisa Beatriz",Buenos Aires
196,"CARDELLI, Jorge Justo",Cdad.Aut.Bs.As.
197,"CARDESA, Enrique Gustavo",Buenos Aires
198,"CARLOTTO, Remo Gerardo",Buenos Aires
199,"CARMONA, Guillermo Ramón",Mendoza
200,"CARMONA, María Araceli",Corrientes
201,"CARRANZA, Carlos Alberto",Santa Fe
202,"CARRILLO, María Del Carmen",Tucumán
203,"CARRIO, Elisa María Avelina",Cdad.Aut.Bs.As.
204,"CARRIO, Elisa María Avelina",Chaco
205,"CARRIZO, Ana Carla",Cdad.Aut.Bs.As.
206,"CARRIZO, María Soledad",Córdoba
207,"CARRIZO, Nilda Mabel",Tucumán
208,"CASANOVAS, Jorge Osvaldo",Buenos Aires
209,"CASAÑAS, Juan Francisco",Tucumán
210,"CASELLES, Graciela María",San Juan
211,"CASERIO, Carlos Alberto",Córdoba
212,"CASSESE, Marina",Buenos Aires
213,"CASTALDO, Norah Susana",Tucumán
214,"CASTAÑON, Hugo",Rio Negro
215,"CASTELLANI, Carlos Alberto",Santa Fe
216,"CASTRO, Alicia Amalia",Buenos Aires
217,"CASTRO, Sandra",San Juan
218,"CATALAN MAGNI, Julio César",Tierra del Fuego
219,"CAVADINI, Eduardo",Jujuy
220,"CAVALLERO, Hector José",Santa Fe
221,"CAVIGLIA, Franco Agustin",Buenos Aires
222,"CECCO, Carlos Jaime",Entre Ríos
223,"CEJAS, Jorge Alberto",Rio Negro
224,"CERDAN, Argentina",Formosa
225,"CEREZO, Octavio Néstor",Catamarca
226,"CESAR, Nora",Buenos Aires
227,"CETTOUR, Hugo Ramón",Entre Ríos
228,"CHAYA, María Lelia",Salta
229,"CHEMES, Jorge Omar",Entre Ríos
230,"CHIACCHIO, Nora Alicia",Buenos Aires
231,"CHIENO, María Elena",Corrientes
232,"CHIQUICHANO, Rosa Laudelina",Chubut
233,"CHIRONI, Fernando Gustavo",Rio Negro
234,"CIAMPINI, José Alberto",Neuquén
235,"CICILIANI, Alicia Mabel",Santa Fe
236,"CIGOGNA, Luis Francisco Jorge",Buenos Aires
237,"CISTERNA, Victor Hugo",Chubut
238,"CITTADINI, Stella",Córdoba
239,"CLERI, Marcos",Santa Fe
240,"COBOS, Julio",Mendoza
241,"COIRINI, Adriana Elsa",Buenos Aires
242,"COLLANTES, Genaro",Catamarca
243,"COLOMBI, Horacio Ricardo",Corrientes
244,"COLOMBI, Ricardo",Corrientes
245,"COLOMBO, María Teresita del Valle",Catamarca
246,"COLUCIGNO, Aurelia Alicia",Buenos Aires
247,"COMELLI, Alicia Marcela",Neuquén
248,"COMI, Carlos Marcelo",Santa Fe
249,"CONCA, Julio Cesar",San Juan
250,"CONTE GRAND, Gerardo Amadeo",Cdad.Aut.Bs.As.
251,"CONTI, Diana Beatriz",Buenos Aires
252,"CONTRERA, Mónica Graciela",Chubut
253,"CORCHUELO BLASCO, José Manuel",Chubut
254,"CORDOBA, José Manuel",Santa Cruz
255,"CORDOBA, Stella Maris",Tucumán
256,"CORFIELD, Guillermo Eduardo",Entre Ríos
257,"CORNEJO, Alfredo Victor",Mendoza
258,"CORREA, Elsa Haydee",Mendoza
259,"CORREA, Juan Carlos",Buenos Aires
260,"CORTINA, Roy",Cdad.Aut.Bs.As.
261,"CORTINAS, Ismael Ramón",Corrientes
262,"COSCIA, Jorge Edmundo",Cdad.Aut.Bs.As.
263,"COSTA, Eduardo Raúl",Santa Cruz
264,"COSTA, Roberto Raúl",Buenos Aires
265,"COTO, Alberto Agustín",Buenos Aires
266,"COUREL, Carlos Alberto",Tucumán
267,"CREMER de BUSTI, María Cristina",Entre Ríos
268,"CUCCOVILLO, Ricardo Oscar",Buenos Aires
269,"CUEVAS, Hugo Oscar",Rio Negro
270,"CURLETTI, Miriam Belén",Chaco
271,"CURRILEN, Oscar Rubén",Chubut
272,"CUSINATO, José César Gustavo",Entre Ríos
273,"D`ERRICO, María Rita Antonia",Buenos Aires
274,"DAER, Héctor Ricardo",Buenos Aires
275,"D'AGOSTINO, Jorge",Entre Ríos
276,"DAHER, Zulema Beatriz",Salta
277,"D'ALESSANDRO, Marcelo",Buenos Aires
278,"DALLA FONTANA, Ariel",Santa Fe
279,"DAMIANI, Hernán Norberto Luis",Misiones
280,"DAMILANO GRIVARELLO, Viviana Mónica",Chaco
281,"DAS NEVES, Mario",Chubut
282,"DATO, Alfredo Carlos",Tucumán
283,"DAUD, Jorge Carlos",Entre Ríos
284,"DAZA, Héctor Rubén",Jujuy
285,"DE BARIAZARRA, Roberto Rodolfo",Rio Negro
286,"DE BERNARDI, Eduardo",Chubut
287,"DE BRASI, Marta Susana",Cdad.Aut.Bs.As.
288,"DE FERRARI RUEDA, Patricia",Córdoba
289,"DE GENNARO, Victor Norberto",Buenos Aires
290,"DE LA BARRERA, Guillermo",Catamarca
291,"DE LA ROSA, Maria Graciela",Formosa
292,"DE MARCHI, Omar Bruno",Mendoza
293,"DE MENDIGUREN, José Ignacio",Buenos Aires
294,"DE NARVAEZ, Francisco",Buenos Aires
295,"DE NUCCIO, Fabián",Buenos Aires
296,"DE PEDRO, Eduardo Enrique",Buenos Aires
297,"DE PRAT GAY, Alfonso",Cdad.Aut.Bs.As.
298,"DE SANCTIS, Guillermo Horacio",San Juan
299,"DEL CAMPILLO, Héctor Eduardo",Córdoba
300,"DEL CAÑO, Nicolás",Mendoza
301,"DEL RICCIO, Ana María del Carmen",Formosa
302,"DELAJONQUIERE, Nelson",Santa Fe
303,"DELICH, Francisco",Córdoba
304,"DELLEPIANE, Carlos Francisco",Buenos Aires
305,"DEPETRI, Edgardo Fernando",Buenos Aires
306,"DI BENEDETTO, Gustavo Daniel",Chubut
307,"DI COLA, Eduardo Román",Córdoba
308,"DI LANDRO, Oscar Jorge",Buenos Aires
309,"DI LEO, Marta Isabel",Buenos Aires
310,"DI POLLINA, Eduardo Alfredo",Santa Fe
311,"DI TULLIO, Juliana",Buenos Aires
312,"DIAZ BANCALARI, José María",Buenos Aires
313,"DIAZ COLODRERO, Agustín",Corrientes
314,"DIAZ COLODRERO, Luis María",Corrientes
315,"DIAZ ROIG, Juan Carlos",Formosa
316,"DIAZ, Susana Eladia",Tucumán
317,"DIEZ, María Inés",Salta
318,"DOGA, María Nélida",Buenos Aires
319,"DOMINGUEZ, Julián Andrés",Buenos Aires
320,"DONDA PEREZ, Victoria Analía",Buenos Aires
321,"DONKIN, Carlos Guillermo",Formosa
322,"DOVENA, Miguel Dante",Buenos Aires
323,"DRAGAN, Marcelo Luis",Tierra del Fuego
324,"DRISALDI, María Rita",Santa Cruz
325,"DUCLOS, Omar Arnaldo",Buenos Aires
326,"DUMON, José Gabriel",Buenos Aires
327,"DURAND CORNEJO, Guillermo",Salta
328,"DUTTO, Gustavo Alberto",Buenos Aires
329,"EHCOSOR, María Azucena",Buenos Aires
330,"ELICECHE, Carlos Tomas",Chubut
331,"ELIZONDO, Dante",San Juan
332,"ELORRIAGA, Osvaldo Enrique",Entre Ríos
333,"ERRO, Norberto Pedro",Buenos Aires
334,"ESAIN, Daniel Martín",Mendoza
335,"ESCOBAR, Jorge Alberto",San Juan
336,"ESPER, Laura Reneé",Buenos Aires
337,"ESPINDOLA, Gladys Susana",Córdoba
338,"ESPINOLA, Barbara Ines",Buenos Aires
339,"ESTEBAN, Silvia Graciela",Santa Cruz
340,"ETCHEVEHERE, Arturo Roosevelt",Entre Ríos
341,"FABIANI, Eduardo",Buenos Aires
342,"FABRIS, Luciano",Chaco
343,"FADEL, Patricia Susana",Mendoza
344,"FADUL, Liliana",Tierra del Fuego
345,"FALBO, María del Carmen",Buenos Aires
346,"FALU, José Ricardo",Tucumán
347,"FARIZANO, Juan Carlos",Cdad.Aut.Bs.As.
348,"FAUSTINELLI, Hipólito",Córdoba
349,"FAVARIO, Carlos Alberto",Santa Fe
350,"FAYAD, Victor Manuel Federico",Mendoza
351,"FEIN, Mónica Hayde",Santa Fe
352,"FELETTI, Roberto José",Cdad.Aut.Bs.As.
353,"FELIX, Omar",Mendoza
354,"FELLNER, Eduardo Alfredo",Jujuy
355,"FELLNER, Liliana",Jujuy
356,"FERNANDEZ BASUALDO, Luis María",Formosa
357,"FERNANDEZ de KIRCHNER, Cristina",Santa Cruz
358,"FERNANDEZ LIMIA, Adan Noé",Córdoba
359,"FERNANDEZ MENDIA, Gustavo",La Pampa
360,"FERNANDEZ SAGASTI, Anabel",Mendoza
361,"FERNANDEZ VALONI, José Luis",Cdad.Aut.Bs.As.
362,"FERNANDEZ, Alfredo Cesar",Mendoza
363,"FERNANDEZ, Horacio Anibal",La Pampa
364,"FERNANDEZ, Marcelo Omar",Buenos Aires
365,"FERNANDEZ, Nicolás Alejandro",Santa Cruz
366,"FERNANDEZ, Pablo Damian",La Pampa
367,"FERNANDEZ, Rodolfo Alfredo",Corrientes
368,"FERRA DE BARTOL, Margarita",San Juan
369,"FERRARI de GRAND, Teresa Hortensia",Entre Ríos
370,"FERRARI, Gustavo Alfredo",Buenos Aires
371,"FERRERO, Fernanda",Cdad.Aut.Bs.As.
372,"FERREYRA, Araceli",Corrientes
373,"FERREYRA, Mario Felix",Tierra del Fuego
374,"FERRI, Gustavo Enrique",Buenos Aires
375,"FERRIGNO OBARRIO, Santiago",La Pampa
376,"FERRIN, María Teresa",Jujuy
377,"FERRO, Francisco José",Buenos Aires
378,"FIAD, Mario Raymundo",Jujuy
379,"FIGUEROA, José Oscar",Santiago del Estero
380,"FILOMENO, Alejandro Oscar",Buenos Aires
381,"FIOL, Paulina Esther",Santa Fe
382,"FIORE VIÑUALES, María Cristina del Valle",Salta
383,"FLORES, Héctor",Buenos Aires
384,"FLORES, Rafael Horacio",Santa Cruz
385,"FOCO, Isabel Emilia",Neuquén
386,"FOGLIA, Teresa Beatriz",Córdoba
387,"FOLLONI, Jorge Oscar",Salta
388,"FONTANETTO, Beatriz Zulema",Santa Fe
389,"FONTDEVILA, Pablo Antonio",Buenos Aires
390,"FORCONI, Juan Carlos",Santa Fe
391,"FORESI, Irma Amelia",Santa Fe
392,"FORTE, Ulises Umberto",La Pampa
393,"FORTUNA, Francisco José",Córdoba
394,"FRANCIONI, Fabián Marcelo",Córdoba
395,"FRANCO, Hugo Alberto",Buenos Aires
396,"FRIGERI, Rodolfo Anibal",Buenos Aires
397,"FUNES, Teodoro Roberto",Córdoba
398,"GAGLIARDI, Josué",Rio Negro
399,"GAILLARD, Ana Carolina",Entre Ríos
400,"GALANTINI, Eduardo",Corrientes
401,"GALLAND, Gustavo Carlos",Buenos Aires
402,"GALLARDO, Miriam Graciela del Valle",Tucumán
403,"GALLEGO, Raul Edgardo",Santiago del Estero
404,"GALLO, Daniel Oscar",Tierra del Fuego
405,"GALVALISI, Luis Alberto",Cdad.Aut.Bs.As.
406,"GAMBARO, Natalia",Buenos Aires
407,"GARCIA de CANO, Maria Isabel",Entre Ríos
408,"GARCIA de MORENO, Eva",Chubut
409,"GARCIA HAMILTON, José Ignacio",Tucumán
410,"GARCIA LARRABURU, Silvina Marcela",Rio Negro
411,"GARCIA MENDEZ, Emilio",Cdad.Aut.Bs.As.
412,"GARCIA MERIDA, Miguel Angel",Buenos Aires
413,"GARCIA, Andrea Fabiana",Buenos Aires
414,"GARCIA, Eduardo Daniel",Córdoba
415,"GARCIA, Francisco Alberto",Mendoza
416,"GARCIA, Irma Adriana",La Pampa
417,"GARCIA, María Teresa",Buenos Aires
418,"GARCIA, Susana Rosa",Santa Fe
419,"GARDELLA, Patricia Susana",Buenos Aires
420,"GARIGLIO, Juan Miguel",Santa Fe
421,"GARIN de TULA, Lucia",Catamarca
422,"GARNERO, Estela Ramona",Córdoba
423,"GARRAMUÑO, Jorge Alberto",Tierra del Fuego
424,"GARRE, Nilda Celia",Cdad.Aut.Bs.As.
425,"GARRIDO ARCEO, Jorge Antonio",Buenos Aires
426,"GARRIDO, Manuel",Cdad.Aut.Bs.As.
427,"GASTAÑAGA, Graciela Ines",Buenos Aires
428,"GDANSKY, Carlos Enrique",Buenos Aires
429,"GEIJO, Angel Oscar",Chaco
430,"GENEM, Amanda Susana",Mendoza
431,"GENNARO, Victor",Buenos Aires
432,"GEREZ, Elda Ramona",Santa Fe
433,"GERMANO, Daniel",Santa Fe
434,"GERVASONI, Lautaro",Entre Ríos
435,"GIACCONE, Claudia Alejandra",Santa Fe
436,"GIACOMINO, Daniel Oscar",Córdoba
437,"GIANNETTASIO, Graciela María",Buenos Aires
438,"GIL LAVEDRA, Ricardo Rodolfo",Cdad.Aut.Bs.As.
439,"GIL LOZANO, Claudia Fernanda",Cdad.Aut.Bs.As.
440,"GILES, Guillermo Jorge",Buenos Aires
441,"GILL, Martín Rodrigo",Córdoba
442,"GIMENEZ, Patricia",Mendoza
443,"GINZBURG, Nora",Cdad.Aut.Bs.As.
444,"GIOJA, Juan Carlos",San Juan
445,"GIORGETTI, Jorge Raúl",Santa Fe
446,"GIUBERGIA, Miguel Angel",Jujuy
447,"GIUDICI, Silvana Myriam",Cdad.Aut.Bs.As.
448,"GIUSTINIANI, Rubén Hector",Santa Fe
449,"GIUSTOZZI, Darío",Buenos Aires
450,"GODOY, Juan Carlos",Entre Ríos
451,"GODOY, Norma",Buenos Aires
452,"GODOY, Ruperto Eduardo",San Juan
453,"GOMEZ BULL, Mauricio",Santa Cruz
454,"GOMEZ DIEZ, Ricardo",Salta
455,"GOMEZ, Ricardo Carmelo",Buenos Aires
456,"GONZALEZ CABAÑAS, José Armando",Corrientes
457,"GONZALEZ de DUHALDE, Hilda",Buenos Aires
458,"GONZALEZ, Gladys Esther",Buenos Aires
459,"GONZALEZ, Jorge Pedro",Santa Fe
460,"GONZALEZ, Josefina Victoria",Santa Fe
461,"GONZALEZ, Juan Dante",Mendoza
462,"GONZALEZ, María América",Cdad.Aut.Bs.As.
463,"GONZALEZ, Nancy Susana",Chubut
464,"GONZALEZ, Oscar Felix",Córdoba
465,"GONZALEZ, Oscar Roberto",Buenos Aires
466,"GONZALEZ, Rafael Alfredo",Chaco
467,"GONZALEZ, Verónica",Tierra del Fuego
468,"GORBACZ, Leonardo Ariel",Tierra del Fuego
469,"GORVEIN, Diego Rodolfo",Formosa
470,"GOY, Beatriz Norma",Chaco
471,"GRANADOS, Dulce",Buenos Aires
472,"GRIBAUDO, Christian Alejandro",Buenos Aires
473,"GROSSO, Edgardo Roger Miguel",Córdoba
474,"GROSSO, Leonardo",Buenos Aires
475,"GUCCIONE, José Daniel",Misiones
476,"GUERCI de SIUFI, Beatriz Elvira",Jujuy
477,"GUEVARA, Cristina Rosalía",Cdad.Aut.Bs.As.
478,"GULLO, Juan Carlos Dante",Cdad.Aut.Bs.As.
479,"GUTIERREZ, Alicia Veronica",Santa Fe
480,"GUTIERREZ, Francisco Virgilio",Buenos Aires
481,"GUTIERREZ, Graciela Beatriz",Santa Cruz
482,"GUTIERREZ, Gustavo Eduardo",Mendoza
483,"GUTIERREZ, Héctor",Buenos Aires
484,"GUTIERREZ, Julio César",Santa Fe
485,"GUTIERREZ, Mónica Edith",Córdoba
486,"GUZMAN, Olga Elizabeth",Neuquén
487,"GUZMAN, Sandro",Buenos Aires
488,"HALAK, Beatriz Susana",Córdoba
489,"HARISPE, Gastón",Buenos Aires
490,"HELLER, Carlos",Cdad.Aut.Bs.As.
491,"HEREDIA, Arturo Miguel",Córdoba
492,"HERNANDEZ, Cinthyia Gabriela",Rio Negro
493,"HERNANDEZ, Simón Fermín",Catamarca
494,"HERRERA PAEZ, Enzo Thelismar",La Rioja
495,"HERRERA, Alberto",Tucumán
496,"HERRERA, Griselda Noemí",La Rioja
497,"HERRERA, José Alberto",Santiago del Estero
498,"HERZOVICH, María Elena",Entre Ríos
499,"HONCHERUK, Atlanto",Chaco
500,"HOTTON, Cynthia Liliana",Cdad.Aut.Bs.As.
501,"HUMADA, Julio Cesar",Misiones
502,"IANNI, Ana María",Santa Cruz
503,"IBARRA, Eduardo Mauricio",San Juan
504,"IBARRA, Vilma Lidia",Cdad.Aut.Bs.As.
505,"IGLESIAS, Fernando Adolfo",Cdad.Aut.Bs.As.
506,"IGLESIAS, Roberto Raul",Mendoza
507,"ILARREGUI, Luis Alfredo",Buenos Aires
508,"INDA, Graciela Ester",Cdad.Aut.Bs.As.
509,"INGRAM, Roddy Ernesto",Chubut
510,"INSAURRALDE, Martín",Buenos Aires
511,"INSFRAN, Miguel Angel",Formosa
512,"IPARRAGUIRRE, Carlos Raúl",Santa Fe
513,"IRRAZABAL, Juan Manuel",Misiones
514,"ISA, Evita Nelida",Salta
515,"ISLA de SARACENI, Celia Anita",Misiones
516,"ITURRASPE, Nora Graciela",Buenos Aires
517,"ITURRIETA, Miguel Angel",Misiones
518,"JALIL, Luis Julián",Neuquén
519,"JANO, Ricardo Javier",Buenos Aires
520,"JAROSLAVSKY, Gracia Maria",Entre Ríos
521,"JARQUE, Margarita Ofelia",Buenos Aires
522,"JAVKIN, Pablo",Santa Fe
523,"JENEFES, Guillermo Raul",Jujuy
524,"JEREZ, Esteban Eduardo",Tucumán
525,"JEREZ, Eusebia Antonia",Tucumán
526,"JOBE, Miguel Antonio",Buenos Aires
527,"JOHNSON, Guillermo",Córdoba
528,"JUAREZ, Manuel",Santiago del Estero
529,"JUAREZ, Myrian",Catamarca
530,"JUNIO, Juan Carlos Isaac",Cdad.Aut.Bs.As.
531,"JURI, Mariana",Mendoza
532,"KAKUBUR, Emilio",Misiones
533,"KATZ, Daniel",Buenos Aires
534,"KENNY, Eduardo Enrique Federico",La Pampa
535,"KENT de SAADI, María del Pilar",Catamarca
536,"KIRCHNER, Néstor Carlos",Buenos Aires
537,"KORENFELD, Beatriz Liliana",Santa Cruz
538,"KOSINER, Pablo Francisco Juan",Salta
539,"KRONEBERGER, Daniel Ricardo",La Pampa
540,"KUNEY, Mónica Adriana",Santa Cruz
541,"KUNKEL, Carlos Miguel",Buenos Aires
542,"LAFALLA, Arturo Pedro",Mendoza
543,"LAGORIA, Elia Nelly",Chubut
544,"LAMBERTO, Oscar Santiago",Santa Fe
545,"LAMISOVSKY, Arnaldo",Córdoba
546,"LANCETA, Rubén Orfel",Buenos Aires
547,"LANDAU, Jorge Alberto",Buenos Aires
548,"LANZA, José Luis",Cdad.Aut.Bs.As.
549,"LARRABURU, Damaso",Buenos Aires
550,"LARREGUY, Carlos Alberto",Rio Negro
551,"LARROQUE, Andrés",Cdad.Aut.Bs.As.
552,"LATORRE, Roxana Itati",Santa Fe
553,"LAURITTO, José Eduardo",Entre Ríos
554,"LEDESMA, Julio Rubén",Buenos Aires
555,"LEGUIZAMON, Anibal Ernesto",Buenos Aires
556,"LEGUIZAMON, María Laura",Buenos Aires
557,"LEMME, María Alicia",San Luis
558,"LEMOS, Silvia",Mendoza
559,"LENZ, María Beatriz",Cdad.Aut.Bs.As.
560,"LEONELLI, María Silvina",Córdoba
561,"LERNOUD, María Teresa",Chubut
562,"LEVERBERG, Stella Maris",Misiones
563,"LEYBA de MARTI, Beatriz",Córdoba
564,"L'HUILLIER, José Guillermo",San Luis
565,"LINARES, María del Carmen",Chubut
566,"LINARES, María Virginia",Buenos Aires
567,"LISSI, Liliana",Santa Fe
568,"LIX KLETT, Roberto Ignacio",Tucumán
569,"LLAMBI, Susana Beatriz",Neuquén
570,"LLAMOSAS, Fernando Elías",Misiones
571,"LLANO, Gabriel Joaquín",Mendoza
572,"LLANOS, Edith",Buenos Aires
573,"LLANOS, Ermindo Edgardo Marcelo",Jujuy
574,"LLERA, Timoteo",Misiones
575,"LÖFFLER, Ernesto Adrian",Tierra del Fuego
576,"LOFRANO, Elsa Gladi",Chubut
577,"LOPEZ ARIAS, Marcelo Eduardo",Salta
578,"LOPEZ, Amelia de los Milagros",Córdoba
579,"LOPEZ, Ernesto Segundo",San Juan
580,"LOPEZ, Juan Carlos",Buenos Aires
581,"LOPEZ, Juan Carlos",Misiones
582,"LOPEZ, Pablo Sebastián",Salta
583,"LOPEZ, Rafael Angel",Formosa
584,"LORENZO BOROCOTO, Eduardo",Cdad.Aut.Bs.As.
585,"LORENZO, Antonio Arnaldo",San Luis
586,"LORGES, Juan Carlos",Buenos Aires
587,"LOTTO DE VECCHIETTI, Inés Beatriz",Formosa
588,"LOUSTEAU, Martín",Cdad.Aut.Bs.As.
589,"LOUTAIF, Julio César",Salta
590,"LOVAGLIO SARAVIA, Antonio",Salta
591,"LOZANO, Claudio Raúl",Cdad.Aut.Bs.As.
592,"LOZANO, Encarnación",Neuquén
593,"LUBERTINO, María José",Cdad.Aut.Bs.As.
594,"LUGO de GONZALES CABAÑAS, Cecilia",Corrientes
595,"LUNA de MARCOS, Ana Zulema",Santiago del Estero
596,"LUSQUIÑOS, Luis Bernardo",San Luis
597,"LYNCH, Juan Carlos",Cdad.Aut.Bs.As.
598,"MAC ALLISTER, Carlos Javier",La Pampa
599,"MACALUSE, Eduardo Gabriel",Buenos Aires
600,"MACCHI, Carlos Guillermo",Corrientes
601,"MACRI, Mauricio",Cdad.Aut.Bs.As.
602,"MADERA, Teresita",La Rioja
603,"MAESTRO, Carlos",Chubut
604,"MAFFEI, Marta Olinda",Buenos Aires
605,"MAGARIO, Verónica",Buenos Aires
606,"MAJDALANI, Silvia Cristina",Buenos Aires
607,"MAJDALANI, Silvia Cristina",Cdad.Aut.Bs.As.
608,"MALDONADO, Aída Francisca",Catamarca
609,"MALDONADO, Hugo",Chaco
610,"MANSUR, Nélida Mabel",Buenos Aires
611,"MANSUR, Ricardo Alfredo",Mendoza
612,"MANZOTTI, Mabel Gladys",Buenos Aires
613,"MARCO DEL PONT, Mercedes",Cdad.Aut.Bs.As.
614,"MARCONATO, Gustavo Angel",Santa Fe
615,"MARCONETTO, Aldo Juan",Chubut
616,"MARCOPULOS, Juan Fernando",Corrientes
617,"MARELLI, Mabel",Misiones
618,"MARINO, Adriana del Carmen",San Juan
619,"MARINO, Juliana Isabel",Cdad.Aut.Bs.As.
620,"MARTIARENA, Mario Humberto",Jujuy
621,"MARTIN, María Elena",Santa Fe
622,"MARTINELLI, Guillermo Jesús",Salta
623,"MARTINEZ CAMPOS, Gustavo",Chaco
624,"MARTINEZ CARIGNANO, Ernesto Félix",Córdoba
625,"MARTINEZ GARBINO, Emilio",Entre Ríos
626,"MARTINEZ LLANO, José Rodolfo",Corrientes
627,"MARTINEZ LLANOS, José Rodolfo",Corrientes
628,"MARTINEZ ODDONE, Heriberto Agustín",Córdoba
629,"MARTINEZ RAYMONDA, Rafael",Cdad.Aut.Bs.As.
630,"MARTINEZ, Alfredo",Santa Cruz
631,"MARTINEZ, Carlos Alberto",Buenos Aires
632,"MARTINEZ, Ernesto Félix",Córdoba
633,"MARTINEZ, Gerardo Alberto",Buenos Aires
634,"MARTINEZ, Julio César",La Rioja
635,"MARTINEZ, Manuel Luis",Buenos Aires
636,"MARTINEZ, Oscar Anselmo",Tierra del Fuego
637,"MARTINEZ, Oscar Ariel",Santa Fe
638,"MARTINEZ, Silvia Virginia",Buenos Aires
639,"MARTINEZ, Soledad",Buenos Aires
640,"MARTINI, Hugo",Cdad.Aut.Bs.As.
641,"MASSA, Sergio",Buenos Aires
642,"MASSEI, Oscar Ermelindo",Neuquén
643,"MASTROGIACOMO, Miguel Angel",Buenos Aires
644,"MATZKIN, Jorge Rubén",La Pampa
645,"MAYANS, María Susana",Jujuy
646,"MAZURE, Liliana",Cdad.Aut.Bs.As.
647,"MAZZARELLA, Susana del Valle",Córdoba
648,"MAZZEI, Hector Santiago",Buenos Aires
649,"MEDIZA, Heriberto Eloy",La Pampa
650,"MELILLO, Fernando Cesar",Cdad.Aut.Bs.As.
651,"MENDEZ de FERREYRA, Araceli Estela",Corrientes
652,"MENDEZ de MEDINA LAREU, Catalina",Corrientes
653,"MENDOZA, Mayra Soledad",Buenos Aires
654,"MENDOZA, Sandra Marcela",Chaco
655,"MENEM, Eduardo Adrián",La Rioja
656,"MERA, Dalmacio",Catamarca
657,"MERCHAN, Paula Cecilia",Córdoba
658,"MERINO, Raul Guillermo",Córdoba
659,"MERLO de RUIZ, María Celestina",San Luis
660,"MERLO, Mario Raúl",San Luis
661,"MESTRE, Diego Matías",Córdoba
662,"METAZA, Mario Alfredo",Santa Cruz
663,"MEZA, Martha Elizabeth",Formosa
664,"MICHETTI, Marta Gabriela",Cdad.Aut.Bs.As.
665,"MILESI, Marta Silvia",Rio Negro
666,"MILLET, Juan Carlos",Santa Fe
667,"MILMAN, Gerardo Fabián",Buenos Aires
668,"MINGUEZ, Juan Jesús",San Juan
669,"MIRABILE, José Arnaldo",San Luis
670,"MIRALLES de ROMERO, Norma",Neuquén
671,"MIRKIN, Beatriz Graciela",Tucumán
672,"MOISES, Julio Carlos",Jujuy
673,"MOISES, María Carolina",Jujuy
674,"MOLAS, Pedro Omar",Catamarca
675,"MOLINA, Manuel Isauro",Catamarca
676,"MOLINARI ROMERO, Luis",Córdoba
677,"MONAYAR, Ana María Cármen",Córdoba
678,"MONGELO, José Ricardo",Chaco
679,"MONTEAGUDO, María Lucrecia",Buenos Aires
680,"MONTENEGRO, Olinda",Chaco
681,"MONTERO, Laura Gisela",Mendoza
682,"MONTI, Lucrecia Etelvina",Cdad.Aut.Bs.As.
683,"MONTOYA, Fernando Ramón",Córdoba
684,"MONTOYA, Jorge Luciano",Córdoba
685,"MORALES, Nélida Beatriz",Buenos Aires
686,"MORAN, Juan Carlos",Buenos Aires
687,"MORANDINI, Norma Elena",Córdoba
688,"MORANTE, Antonio Arnaldo María",Chaco
689,"MORAY, Hector Luis",Corrientes
690,"MOREAU, Leopoldo Raúl",Buenos Aires
691,"MOREAU, Leopolo Raúl",Buenos Aires
692,"MOREJON, Manuel Amor",Chubut
693,"MORENO RAMIREZ, Arturo Jorge",San Juan
694,"MORENO, Carlos Julio",Buenos Aires
695,"MORGADO, Claudio Marcelo",Cdad.Aut.Bs.As.
696,"MORINI, Pedro Juan",Santa Fe
697,"MOSSO, Ana Maria",Mendoza
698,"MOUILLERON, Roberto Mario",Buenos Aires
699,"MOURIÑO, Javier",Cdad.Aut.Bs.As.
700,"MOYANO, Juan Facundo",Buenos Aires
701,"MUKDISE, Miguel Roberto Daives",Santiago del Estero
702,"MULLER, Edgar Raúl",Córdoba
703,"MULLER, Mabel Hilda",Buenos Aires
704,"MUSA, Laura Cristina",Cdad.Aut.Bs.As.
705,"NAIM, Lidia Lucía",Buenos Aires
706,"NARDELLI, Santiago",Buenos Aires
707,"NARDUCCI, Alicia Isabel",Córdoba
708,"NATALE, Alberto Adolfo",Santa Fe
709,"NAVARRO, Graciela",Santiago del Estero
710,"NEBREDA, Carmen Rosa",Córdoba
711,"NEGRI, Mario Raúl",Córdoba
712,"NEME-SCHEIJ, Alfredo",Tucumán
713,"NEMIROVSCI, Osvaldo Mario",Rio Negro
714,"NERI, Aldo",Cdad.Aut.Bs.As.
715,"NICOTRA, Norberto Reynaldo",Santa Fe
716,"NIETO BRIZUELA, Benjamín Ricardo",La Rioja
717,"NIEVA, Alejandro Mario",Jujuy
718,"NOFAL, Beatriz",Cdad.Aut.Bs.As.
719,"OBEID, Jorge Alberto",Santa Fe
720,"OBIGLIO, Julián Martín",Cdad.Aut.Bs.As.
721,"OCAIVA, Maria Graciela",Buenos Aires
722,"OCAÑA, María Graciela",Buenos Aires
723,"OLIVA, Cristian Rodolfo",Santiago del Estero
724,"OLIVARES, Hector Enrique",La Rioja
725,"OLIVERO, Juan Carlos",La Pampa
726,"OLMEDO, Alfredo Horacio",Salta
727,"OLMOS, Graciela Hortencia",Santiago del Estero
728,"OPORTO, Mario Néstor",Buenos Aires
729,"OROZCO, Jorge Alberto",Buenos Aires
730,"ORSOLINI, Pablo Eduardo",Chaco
731,"ORTEGA, Marta Isabel",Córdoba
732,"ORTIZ CORREA, Marcia Sara María",Catamarca
733,"ORTIZ, Mariela",Jujuy
734,"OSCOS, María Ilse",Neuquén
735,"OSORIO, Marta Lucía",La Pampa
736,"OSTROPOLSKY, Aldo Hector",Mendoza
737,"OSUNA, Blanca Inés",Entre Ríos
738,"OVIEDO, Alejandra Beatriz",La Rioja
739,"PAIS, Juan Mario",Chubut
740,"PALOMO, Nelida Manuela",Santiago del Estero
741,"PALOU, Marta",Misiones
742,"PAMPURO, Jose Juan Bautista",Buenos Aires
743,"PANSA, Sergio Horacio",San Luis
744,"PANZONI, Patricia Ester",Buenos Aires
745,"PARADA, Liliana Beatriz",Cdad.Aut.Bs.As.
746,"PAREDES URQUIZA, Alberto Nicolás",La Rioja
747,"PARENTELLA, Irma Fidela",Cdad.Aut.Bs.As.
748,"PAROLA, Carlos",Santa Fe
749,"PAROLI, Raúl Omar",Catamarca
750,"PARRILLI, Nanci María Agustina",Neuquén
751,"PASCUAL, Jorge Raul",Rio Negro
752,"PASCUAL, Rafael Manuel",Cdad.Aut.Bs.As.
753,"PASINI, Ariel Osvaldo",Buenos Aires
754,"PASSO, Juan Carlos",La Pampa
755,"PASTORI, Luis",Misiones
756,"PASTORIZA, Eduardo",Catamarca
757,"PASTORIZA, Mirta Ameliana",Santiago del Estero
758,"PATTERSON, Ricardo Ancell",Santa Cruz
759,"PATTI, Luis Abelardo",Buenos Aires
760,"PEDRINI, Juan Manuel",Chaco
761,"PELAEZ, Victor",Neuquén
762,"PEPE, Lorenzo Antonio",Buenos Aires
763,"PERALTA, Fabián Francisco",Santa Fe
764,"PEREYRA, Guillermo Antonio",Mendoza
765,"PEREZ MARTINEZ, Claudio Héctor",La Pampa
766,"PEREZ SUAREZ, Inés",Cdad.Aut.Bs.As.
767,"PEREZ, Alberto Cesar",Neuquén
768,"PEREZ, Alberto José",San Luis
769,"PEREZ, Jorge Raúl",Santiago del Estero
770,"PEREZ, Jorge Telmo",Buenos Aires
771,"PEREZ, José Adrián",Buenos Aires
772,"PEREZ, Martín Alejandro",Tierra del Fuego
773,"PEREZ, Mirta",Buenos Aires
774,"PERIE, Hugo Rubén",Corrientes
775,"PERIE, Julia Argentina",Misiones
776,"PERNASETTI, Horacio Francisco",Catamarca
777,"PEROTTI, Omar Angel",Santa Fe
778,"PERRONI, Ana María",Corrientes
779,"PESO, Stella Marys",Misiones
780,"PETIT, María de los Angeles",Entre Ríos
781,"PETRI, Luis",Mendoza
782,"PEYROU, Alejandro Apolinario",Buenos Aires
783,"PICAZO, Sarah Ana",Santa Fe
784,"PICCININI, Alberto José",Santa Fe
785,"PICHETTO, Miguel Angel",Rio Negro
786,"PIEMONTE, Héctor Horacio",Buenos Aires
787,"PIERRI, Alberto Reinaldo",Buenos Aires
788,"PIETRAGALLA CORTI, Horacio",Buenos Aires
789,"PILATI, Norma Raquel",Mendoza
790,"PILATTI VERGARA, María Inés",Chaco
791,"PINCHETTI de SIERRA MORALES, Delia Norma",Tucumán
792,"PINEDO, Federico",Cdad.Aut.Bs.As.
793,"PINTO BRUCHMANN, Juan Domingo",Santiago del Estero
794,"PINTO, Sergio Damián",Mendoza
795,"PITROLA, Néstor Antonio",Buenos Aires
796,"PIUMATO, Julio Juán",Cdad.Aut.Bs.As.
797,"PLAINI, Francisco Omar",Buenos Aires
798,"POGGI, Claudio Javier",San Luis
799,"POLINO, Hector Teodoro",Cdad.Aut.Bs.As.
800,"PORTELA, Agustín Alberto",Corrientes
801,"PORTO, Héctor Norberto",Buenos Aires
802,"POSSE, Melchor Angel",Buenos Aires
803,"PRADINES, Roberto Arturo",Mendoza
804,"PRIETO, Hugo Nelson",Neuquén
805,"PRUYAS, Tomás Rubén",Corrientes
806,"PUCHETA, Ramona",Buenos Aires
807,"PUERTA, Federico Ramón",Misiones
808,"PUIG de STUBRIN, Lilia",Santa Fe
809,"PUIGGROS, Adriana Victoria",Buenos Aires
810,"QUINTELA, Ricardo Clemente",La Rioja
811,"QUINTERO, Marta Beatriz",La Rioja
812,"QUIROGA, Horacio Rodolfo",Neuquén
813,"QUIROZ, Elsa Siria",Buenos Aires
814,"RAIMUNDI, Carlos Alberto",Buenos Aires
815,"RAPETTI, Ricardo Francisco",Buenos Aires
816,"RASINO, Elida Elena",Santa Fe
817,"RATTIN, Antonio Ubaldo",Buenos Aires
818,"RE, Hilma Leonor",Entre Ríos
819,"RECALDE, Héctor Pedro",Buenos Aires
820,"RECIO, José Antonio",Buenos Aires
821,"REDCZUK, Oscar Felipe",Misiones
822,"REGAZZOLI, María Cristina",La Pampa
823,"REJAL, Jesús Fernando",La Rioja
824,"REMES LENICOV, Jorge Luis",Buenos Aires
825,"REYES, María Fernanda",Cdad.Aut.Bs.As.
826,"RIAL, Osvaldo Hugo",Buenos Aires
827,"RICCARDO, José Luis",San Luis
828,"RICHTER, Ana",Córdoba
829,"RICO, María del Carmen Cecilia",Buenos Aires
830,"RIESTRA, Antonio Sabino",Santa Fe
831,"RIOBOO, Sandra Adriana",Buenos Aires
832,"RIOS, Liliana María",Entre Ríos
833,"RIOS, María Fabiana",Tierra del Fuego
834,"RIOS, Roberto Fabián",Corrientes
835,"RISKO, Silvia Lucrecia",Misiones
836,"RITONDO, Cristian",Cdad.Aut.Bs.As.
837,"RIVARA, Raúl Alberto",Buenos Aires
838,"RIVAROLA, Rubén Armando",Jujuy
839,"RIVAS, Jorge",Buenos Aires
840,"RIVAS, Olijela del Valle",Tucumán
841,"ROBERTI, Alberto Oscar",Buenos Aires
842,"ROBLEDO, Roberto Ricardo",La Pampa
843,"ROBLES AVALOS, Edmundo Eduardo",Tucumán
844,"RODIL, Rodolfo",Buenos Aires
845,"RODRIGUEZ GONZALEZ, Oliva",Buenos Aires
846,"RODRIGUEZ SAA, Adolfo",San Luis
847,"RODRIGUEZ, Evaristo Arturo",Santa Cruz
848,"RODRIGUEZ, Jesus",Cdad.Aut.Bs.As.
849,"RODRIGUEZ, Marcela Virginia",Buenos Aires
850,"RODRIGUEZ, Oscar Ernesto R.",Buenos Aires
851,"ROGEL, Fabián Dulio",Entre Ríos
852,"ROGGERO, Humberto Jesus",Córdoba
853,"ROJKES de ALPEROVICH, Beatriz Liliana",Tucumán
854,"ROLDAN, José María",Corrientes
855,"ROMA, Rafael Edgardo",Buenos Aires
856,"ROMAN, Carmen",Formosa
857,"ROMANO, Antonio Anselmo",Santiago del Estero
858,"ROMERO, Gabriel Luis",Neuquén
859,"ROMERO, Héctor Ramón",Chaco
860,"ROMERO, José Antonio",Buenos Aires
861,"ROMERO, Oscar",Buenos Aires
862,"ROMERO, Rosario",Entre Ríos
863,"ROQUEL, Rodolfo",Formosa
864,"ROZAS, Angel",Chaco
865,"ROSELLI, José Alberto",Cdad.Aut.Bs.As.
866,"ROSSI, Agustín Oscar",Santa Fe
867,"ROSSI, Alejandro Luis",Santa Fe
868,"ROSSI, Blanca Araceli",Córdoba
869,"ROSSI, Cipriana Lorena",Rio Negro
870,"ROSSO, Graciela Zulema",Buenos Aires
871,"ROY, Irma",Cdad.Aut.Bs.As.
872,"ROZAS, Angel",Chaco
873,"RUBIN, Carlos Gustavo",Corrientes
874,"RUBINI, Mirta Elsa",Buenos Aires
875,"RUCCI, Claudia Monica",Buenos Aires
876,"RUCKAUF, Carlos Federico",Buenos Aires
877,"RUIZ, Aida Delia",Santiago del Estero
878,"RUIZ, Ramón",Buenos Aires
879,"SAADE, Blanca Azucena",Salta
880,"SAADI, Ramón Eduardo",Catamarca
881,"SABBATELLA, Martín",Buenos Aires
882,"SACCA, Luis Fernando",Tucumán
883,"SALIM, Fernando Omar",Santiago del Estero
884,"SALIM, Juan Arturo",Tucumán
885,"SALINO, Fernando Aldo",San Luis
886,"SALUM, Osvaldo Rubén",Salta
887,"SALVATORI, Pedro",Neuquén
888,"SAN MARTIN, Adrián",Neuquén
889,"SANCHEZ, Fernando",Cdad.Aut.Bs.As.
890,"SANCHEZ, Liliana Ester",Buenos Aires
891,"SANTANDER, Mario",La Rioja
892,"SANTILLAN, Marcelo",Tucumán
893,"SANTILLAN, Walter Marcelo",Tucumán
894,"SANTILLI, Diego Cesar",Cdad.Aut.Bs.As.
895,"SANTIN, Eduardo",Buenos Aires
896,"SAPAG, Silvia Estela",Neuquén
897,"SAQUER, José Luis",Chaco
898,"SAREDI, Roberto Miguel",Buenos Aires
899,"SARGHINI, Jorge Emilio",Buenos Aires
900,"SARTORI, Diego Horacio",Misiones
901,"SATRAGNO, Lidia Elsa",Buenos Aires
902,"SAVRON, Hayde Teresa",Neuquén
903,"SCAGLIA, Gisela",Santa Fe
904,"SCALESI, Juan Carlos",Rio Negro
905,"SCARPIN, Delki",Santa Fe
906,"SCHIARETTI, Juan",Córdoba
907,"SCHIAVONI, Esther Aida",Cdad.Aut.Bs.As.
908,"SCHMIDT-LIERMANN, Cornelia",Cdad.Aut.Bs.As.
909,"SCHWINDT, María Liliana",Buenos Aires
910,"SCIOLI, Daniel Osvaldo",Cdad.Aut.Bs.As.
911,"SCIUTTO, Rubén Darío",Tierra del Fuego
912,"SCOTTO, Silvia Carolina",Córdoba
913,"SEBASTIANI, Claudio Augusto",Buenos Aires
914,"SEBRIANO, Luis Alberto",Formosa
915,"SEGARRA, Adela Rosa",Buenos Aires
916,"SEJAS, Lisandro Mauricio",Buenos Aires
917,"SELLARES, Francisco Nicolás",Santa Fe
918,"SEMHAN, María de las Mercedes",Corrientes
919,"SEMINARA, Eduardo Jorge",Santa Fe
920,"SEREBRINSKY, Gustavo Eduardo",Buenos Aires
921,"SESMA, Laura Judith",Córdoba
922,"SIMONCINI, Silvia Rosa",Santa Fe
923,"SLUGA, Juan Carlos",Buenos Aires
924,"SNOPEK, Carlos Daniel",Jujuy
925,"SODA, Maria Nilda",Misiones
926,"SOLA, Felipe Carlos",Buenos Aires
927,"SOLANAS, Fernando Ezequiel",Cdad.Aut.Bs.As.
928,"SOLANAS, Julio Rodolfo Francisco",Entre Ríos
929,"SOLANAS, Raúl Patricio",Entre Ríos
930,"SOLMOIRAGO, Raul Jorge",Misiones
931,"SOÑEZ, Federico Roman",Entre Ríos
932,"SORIA, Carlos Ernesto",Buenos Aires
933,"SORIA, María Emilia",Rio Negro
934,"SOSA, Carlos Alberto",Salta
935,"SOTO, Gladys Beatriz",Chaco
936,"SPATOLA, Paola Rosana",Buenos Aires
937,"SPINOZZI, Ricardo",Santa Fe
938,"STELLA, Anibal Jesus",Buenos Aires
939,"STOLBIZER, Margarita Rosa",Buenos Aires
940,"STORANI, Federico Teobaldo",Buenos Aires
941,"STORANI, María Luisa",Buenos Aires
942,"STORERO, Hugo",Santa Fe
943,"STORNI, Silvia",Córdoba
944,"STUBRIN, Marcelo Juan Alberto",Cdad.Aut.Bs.As.
945,"STURZENEGGER, Federico",Cdad.Aut.Bs.As.
946,"SUAREZ ALVAREZ DE PALOU, Marta",Misiones
947,"SYLVESTRE BEGNIS, Juan Héctor",Santa Fe
948,"TANONI, Enrique",Salta
949,"TATE, Alicia Ester",Santa Fe
950,"TAZZIOLI, Atilio Pascual",Córdoba
951,"TEJEDOR, Miguel Angel",Chaco
952,"TEJERINA, Julio Alberto",Santa Fe
953,"TENTOR, Héctor",Jujuy
954,"TERADA, Alicia",Chaco
955,"THOMAS, Enrique Luis",Mendoza
956,"TINEO, Javier Héctor",La Rioja
957,"TINNIRELLO, Carlos Alberto",Cdad.Aut.Bs.As.
958,"TOLEDO, Hugo David",Buenos Aires
959,"TOLEDO, Susana",Santa Cruz
960,"TOMA, Miguel Angel",Cdad.Aut.Bs.As.
961,"TOMAS, Héctor Daniel",San Juan
962,"TOMASSI, Néstor",Catamarca
963,"TOMAZ, Adriana Elisa",Buenos Aires
964,"TONELLI, Pablo Gabriel",Buenos Aires
965,"TONELLI, Pablo Gabriel",Cdad.Aut.Bs.As.
966,"TORFE, Mónica Liliana",Salta
967,"TORINO, Héctor Omar",San Luis
968,"TORRES DEL SEL, Miguel",Santa Fe
969,"TORRES MOLINA, Ramon Horacio",Buenos Aires
970,"TORRES, Francisco",Tucumán
971,"TORROBA, Francisco Javier",La Pampa
972,"TORRONTEGUI, María Angélica",San Luis
973,"TREJO, Luis Alberto",Tierra del Fuego
974,"TRIACA, Alberto Jorge",Cdad.Aut.Bs.As.
975,"TROIANO, Gabriela Alejandra",Buenos Aires
976,"TULIO, Rosa Ester",Buenos Aires
977,"TUNDIS, Mirta",Buenos Aires
978,"TUNESSI, Juan Pedro",Buenos Aires
979,"UBALDINI, Saul Edolver",Buenos Aires
980,"UÑAC, José Rubén",San Juan
981,"URLICH, Carlos",Chaco
982,"URTUBEY, Juan Manuel",Salta
983,"VACA NARVAJA, Patricia",Córdoba
984,"VAGO, Ricardo Nicolás",Buenos Aires
985,"VALDES, Gustavo Adolfo",Corrientes
986,"VALDOVINOS, Arnaldo Pastor",Misiones
987,"VALINOTTO, Jorge Anselmo",Córdoba
988,"VANOSSI, Jorge",Cdad.Aut.Bs.As.
989,"VAQUIE, Enrique Andrés",Mendoza
990,"VARESE, Luis Segundo",San Juan
991,"VARGAS AIGNASSE, Gerónimo",Tucumán
992,"VARISCO, Sergio Fausto",Entre Ríos
993,"VARIZAT, Daniel Alberto",Santa Cruz
994,"VAZQUEZ de TABERNISE, Silvia Beatriz",Buenos Aires
995,"VAZQUEZ, Ricardo Hector",Buenos Aires
996,"VAZQUEZ, Silvia Beatriz",Buenos Aires
997,"VEAUTE, Mariana Alejandra",Catamarca
998,"VEGA, Juan Carlos",Córdoba
999,"VELARDE, Marta Sylvia",Santiago del Estero
1000,"VENICA, Pedro Antonio",Formosa
1001,"VERA, Pedro Ramón Ademar",Corrientes
1002,"VIALE, Lisandro Alfredo",Entre Ríos
1003,"VIDELA, Nora Esther",San Luis
1004,"VILARIÑO, José Antonio",Salta
1005,"VILLA, José Antonio",San Juan
1006,"VILLALBA, Alfredo Horacio",Buenos Aires
1007,"VILLAR MOLINA, María Inés",Neuquén
1008,"VILLATA, Graciela Susana",Córdoba
1009,"VILLAVERDE, Jorge Antonio",Buenos Aires
1010,"VITALE, Domingo",Buenos Aires
1011,"VITAR, Jose Alberto",Tucumán
1012,"VIVO, Horacio",Cdad.Aut.Bs.As.
1013,"VOLANDO, Humberto Antonio",Córdoba
1014,"WALSH, Patricia",Cdad.Aut.Bs.As.
1015,"WAYAR, Walter Raúl",Salta
1016,"WEST, Mariano Federíco",Buenos Aires
1017,"WILDER, Ricardo",Tierra del Fuego
1018,"YAGÛE, Linda Cristina",Neuquén
1019,"YARADE, Rodolfo Fernando",Salta
1020,"YAREGUI, Alberto",Buenos Aires
1021,"YAZBEK, Rubén David",Catamarca
1022,"YOMA, Jorge Raul",La Rioja
1023,"ZABALZA, Juan Carlos",Santa Fe
1024,"ZACARIAS, Juan Domingo",Entre Ríos
1025,"ZAMARREÑO, María Eugenia",Buenos Aires
1026,"ZAMORA, Luis Fernando",Cdad.Aut.Bs.As.
1027,"ZANCADA, Pablo",Santa Fe
1028,"ZAPATA MERCADER, Jorge",Mendoza
1029,"ZAVALLO, Gustavo",Entre Ríos
1030,"ZBAR, Agustín",Cdad.Aut.Bs.As.
1031,"ZIEBART, Cristina Isabel",Chubut
1032,"ZIEGLER, Alex Roberto",Misiones
1033,"ZIMMERMANN, Víctor",Chaco
1034,"ZOTTOS, Miguel Andrés Costas",Salta
1035,"ZUCCARDI, Cristina",Mendoza
1036,"ZUÑIGA, Ovidio Octavio",Rio Negro
1037,"BERNABEY, Ramón Ernesto",Córdoba
1038,"LASPINA, Luciano Andrés",Santa Fe
1039,"BREGMAN, Myriam",Buenos Aires
1040,"FERNANDEZ BLANCO, María Cristina",Jujuy
