diputado,url,foto
"ABDALA DE MATARAZZO, NORMA AMANDA",http://www.diputados.gob.ar/diputados/nabdaladem/,http://www4.hcdn.gob.ar/fotos/nabdaladem_medium.jpg
"AGUAD, OSCAR RAUL",http://www.diputados.gob.ar/diputados/oaguad/,http://www4.hcdn.gob.ar/fotos/oaguad_medium.jpg
"AGUILAR, LINO WALTER",http://www.diputados.gob.ar/diputados/laguilar/,http://www4.hcdn.gob.ar/fotos/laguilar_medium.jpg
"ALBARRACIN, JORGE LUIS",http://www.diputados.gob.ar/diputados/jalbarracin/,http://www4.hcdn.gob.ar/fotos/jalbarracin_medium.jpg
"ALBRIEU, OSCAR EDMUNDO NICOLAS",http://www.diputados.gob.ar/diputados/oalbrieu/,http://www4.hcdn.gob.ar/fotos/oalbrieu_medium.jpg
"ALFONSIN, RICARDO LUIS",http://www.diputados.gob.ar/diputados/ralfonsin/,http://www4.hcdn.gob.ar/fotos/ralfonsin_medium.jpg
"ALONSO, GUMERSINDO FEDERICO",http://www.diputados.gob.ar/diputados/galonso/,http://www4.hcdn.gob.ar/fotos/galonso_medium.jpg
"ALONSO, LAURA",http://www.diputados.gob.ar/diputados/lalonso/,http://www4.hcdn.gob.ar/fotos/lalonso_medium.jpg
"ALONSO, MARIA LUZ",http://www.diputados.gob.ar/diputados/malonso/,http://www4.hcdn.gob.ar/fotos/malonso_medium.jpg
"ALVAREZ, ELSA MARIA",http://www.diputados.gob.ar/diputados/ealvarez/,http://www4.hcdn.gob.ar/fotos/ealvarez_medium.jpg
"ALVAREZ, JORGE MARIO",http://www.diputados.gob.ar/diputados/jmalvarez/,http://www4.hcdn.gob.ar/fotos/jmalvarez_medium.jpg
"AMADEO, EDUARDO PABLO",http://www.diputados.gob.ar/diputados/eamadeo/,http://www4.hcdn.gob.ar/fotos/eamadeo_medium.jpg
"ARENA, CELIA ISABEL",http://www.diputados.gob.ar/diputados/carena/,http://www4.hcdn.gob.ar/fotos/carena_medium.jpg
"ARGUMEDO, ALCIRA SUSANA",http://www.diputados.gob.ar/diputados/aargumedo/,http://www4.hcdn.gob.ar/fotos/aargumedo_medium.jpg
"ARREGUI, ANDRES ROBERTO",http://www.diputados.gob.ar/diputados/aarregui/,http://www4.hcdn.gob.ar/fotos/aarregui_medium.jpg
"ASPIAZU, LUCIO BERNARDO",http://www.diputados.gob.ar/diputados/laspiazu/,http://www4.hcdn.gob.ar/fotos/laspiazu_medium.jpg
"ASSEFF, ALBERTO EMILIO",http://www.diputados.gob.ar/diputados/aasseff/,http://www4.hcdn.gob.ar/fotos/aasseff_medium.jpg
"ATANASOF, ALFREDO NESTOR",http://www.diputados.gob.ar/diputados/aatanasof/,http://www4.hcdn.gob.ar/fotos/aatanasof_medium.jpg
"AVOSCAN, HERMAN HORACIO",http://www.diputados.gob.ar/diputados/havoscan/,http://www4.hcdn.gob.ar/fotos/havoscan_medium.jpg
"BALCEDO, MARIA ESTER",http://www.diputados.gob.ar/diputados/mbalcedo/,http://www4.hcdn.gob.ar/fotos/mbalcedo_medium.jpg
"BARBIERI, MARIO LEANDRO",http://www.diputados.gob.ar/diputados/mbarbieri/,http://www4.hcdn.gob.ar/fotos/mbarbieri_medium.jpg
"BARCHETTA, OMAR SEGUNDO",http://www.diputados.gob.ar/diputados/obarchetta/,http://www4.hcdn.gob.ar/fotos/obarchetta_medium.jpg
"BARRANDEGUY, RAUL ENRIQUE",http://www.diputados.gob.ar/diputados/rbarrandeguy/,http://www4.hcdn.gob.ar/fotos/rbarrandeguy_medium.jpg
"BASTERRA, LUIS EUGENIO",http://www.diputados.gob.ar/diputados/lbasterra/,http://www4.hcdn.gob.ar/fotos/lbasterra_medium.jpg
"BAZZE, MIGUEL ANGEL",http://www.diputados.gob.ar/diputados/mbazze/,http://www4.hcdn.gob.ar/fotos/mbazze_medium.jpg
"BEDANO, NORA ESTHER",http://www.diputados.gob.ar/diputados/nbedano/,http://www4.hcdn.gob.ar/fotos/nbedano_medium.jpg
"BENEDETTI, ATILIO FRANCISCO SALVADOR",http://www.diputados.gob.ar/diputados/abenedetti/,http://www4.hcdn.gob.ar/fotos/abenedetti_medium.jpg
"BERNAL, MARIA EUGENIA",http://www.diputados.gob.ar/diputados/mbernal/,http://www4.hcdn.gob.ar/fotos/mbernal_medium.jpg
"BERTOL, PAULA MARIA",http://www.diputados.gob.ar/diputados/pbertol/,http://www4.hcdn.gob.ar/fotos/pbertol_medium.jpg
"BERTONE, ROSANA ANDREA",http://www.diputados.gob.ar/diputados/rbertone/,http://www4.hcdn.gob.ar/fotos/rbertone_medium.jpg
"BIANCHI, IVANA MARIA",http://www.diputados.gob.ar/diputados/ibianchi/,http://www4.hcdn.gob.ar/fotos/ibianchi_medium.jpg
"BIANCHI, MARIA DEL CARMEN",http://www.diputados.gob.ar/diputados/mbianchi/,http://www4.hcdn.gob.ar/fotos/mbianchi_medium.jpg
"BIDEGAIN, GLORIA",http://www.diputados.gob.ar/diputados/gbidegain/,http://www4.hcdn.gob.ar/fotos/gbidegain_medium.jpg
"BIELLA CALVET, BERNARDO JOSE",http://www.diputados.gob.ar/diputados/bbiellac/,http://www4.hcdn.gob.ar/fotos/bbiellac_medium.jpg
"BLANCO DE PERALTA, BLANCA",http://www.diputados.gob.ar/diputados/bblanco/,http://www4.hcdn.gob.ar/fotos/bblanco_medium.jpg
"BRAWER, MARA",http://www.diputados.gob.ar/diputados/mbrawer/,http://www4.hcdn.gob.ar/fotos/mbrawer_medium.jpg
"BRILLO, JOSE RICARDO",http://www.diputados.gob.ar/diputados/jbrillo/,http://www4.hcdn.gob.ar/fotos/jbrillo_medium.jpg
"BRIZUELA Y DORIA DE CARA, OLGA INES",http://www.diputados.gob.ar/diputados/obrizueladc/,http://www4.hcdn.gob.ar/fotos/obrizueladc_medium.jpg
"BROMBERG, ISAAC BENJAMIN",http://www.diputados.gob.ar/diputados/ibromberg/,http://www4.hcdn.gob.ar/fotos/ibromberg_medium.jpg
"BROWN, CARLOS RAMON",http://www.diputados.gob.ar/diputados/cbrown/,http://www4.hcdn.gob.ar/fotos/cbrown_medium.jpg
"BRUE, DANIEL AGUSTIN",http://www.diputados.gob.ar/diputados/dbrue/,http://www4.hcdn.gob.ar/fotos/dbrue_medium.jpg
"BULLRICH, PATRICIA",http://www.diputados.gob.ar/diputados/pbullrich/,http://www4.hcdn.gob.ar/fotos/pbullrich_medium.jpg
"BURYAILE, RICARDO",http://www.diputados.gob.ar/diputados/rburyaile/,http://www4.hcdn.gob.ar/fotos/rburyaile_medium.jpg
"CALCAGNO Y MAILLMAN, ERIC",http://www.diputados.gob.ar/diputados/ecalcagno/,http://www4.hcdn.gob.ar/fotos/ecalcagno_medium.jpg
"CAMAÑO, GRACIELA",http://www.diputados.gob.ar/diputados/gcamano/,http://www4.hcdn.gob.ar/fotos/gcamano_medium.jpg
"CARDELLI, JORGE JUSTO",http://www.diputados.gob.ar/diputados/jcardelli/,http://www4.hcdn.gob.ar/fotos/jcardelli_medium.jpg
"CARLOTTO, REMO GERARDO",http://www.diputados.gob.ar/diputados/rcarlotto/,http://www4.hcdn.gob.ar/fotos/rcarlotto_medium.jpg
"CARMONA, GUILLERMO RAMON",http://www.diputados.gob.ar/diputados/gcarmona/,http://www4.hcdn.gob.ar/fotos/gcarmona_medium.jpg
"CARRANZA, CARLOS ALBERTO",http://www.diputados.gob.ar/diputados/ccarranza/,http://www4.hcdn.gob.ar/fotos/ccarranza_medium.jpg
"CARRILLO, MARIA DEL CARMEN",http://www.diputados.gob.ar/diputados/mcarrillo/,http://www4.hcdn.gob.ar/fotos/mcarrillo_medium.jpg
"CARRIO, ELISA MARIA AVELINA",http://www.diputados.gob.ar/diputados/ecarrio/,http://www4.hcdn.gob.ar/fotos/ecarrio_medium.jpg
"CASAÑAS, JUAN FRANCISCO",http://www.diputados.gob.ar/diputados/jcasanas/,http://www4.hcdn.gob.ar/fotos/jcasanas_medium.jpg
"CASELLES, GRACIELA MARIA",http://www.diputados.gob.ar/diputados/gcaselles/,http://www4.hcdn.gob.ar/fotos/gcaselles_medium.jpg
"CASTAÑON, HUGO",http://www.diputados.gob.ar/diputados/hcastanon/,http://www4.hcdn.gob.ar/fotos/hcastanon_medium.jpg
"CATALAN MAGNI, JULIO CESAR",http://www.diputados.gob.ar/diputados/jcatalanm/,http://www4.hcdn.gob.ar/fotos/jcatalanm_medium.jpg
"CEJAS, JORGE ALBERTO",http://www.diputados.gob.ar/diputados/jcejas/,http://www4.hcdn.gob.ar/fotos/jcejas_medium.jpg
"CHEMES, JORGE OMAR",http://www.diputados.gob.ar/diputados/jchemes/,http://www4.hcdn.gob.ar/fotos/jchemes_medium.jpg
"CHIENO, MARIA ELENA PETRONA",http://www.diputados.gob.ar/diputados/mchieno/,http://www4.hcdn.gob.ar/fotos/mchieno_medium.jpg
"CIAMPINI, JOSE ALBERTO",http://www.diputados.gob.ar/diputados/aciampini/,http://www4.hcdn.gob.ar/fotos/aciampini_medium.jpg
"CICILIANI, ALICIA MABEL",http://www.diputados.gob.ar/diputados/aciciliani/,http://www4.hcdn.gob.ar/fotos/aciciliani_medium.jpg
"CIGOGNA, LUIS FRANCISCO JORGE",http://www.diputados.gob.ar/diputados/lcigogna/,http://www4.hcdn.gob.ar/fotos/lcigogna_medium.jpg
"CLERI, MARCOS",http://www.diputados.gob.ar/diputados/mcleri/,http://www4.hcdn.gob.ar/fotos/mcleri_medium.jpg
"COMELLI, ALICIA MARCELA",http://www.diputados.gob.ar/diputados/acomelli/,http://www4.hcdn.gob.ar/fotos/acomelli_medium.jpg
"COMI, CARLOS MARCELO",http://www.diputados.gob.ar/diputados/ccomi/,http://www4.hcdn.gob.ar/fotos/ccomi_medium.jpg
"CONTI, DIANA BEATRIZ",http://www.diputados.gob.ar/diputados/dconti/,http://www4.hcdn.gob.ar/fotos/dconti_medium.jpg
"CONTRERA, MONICA GRACIELA",http://www.diputados.gob.ar/diputados/mcontrera/,http://www4.hcdn.gob.ar/fotos/mcontrera_medium.jpg
"CORDOBA, STELLA MARIS",http://www.diputados.gob.ar/diputados/scordoba/,http://www4.hcdn.gob.ar/fotos/scordoba_medium.jpg
"CORTINA, ROY",http://www.diputados.gob.ar/diputados/rcortina/,http://www4.hcdn.gob.ar/fotos/rcortina_medium.jpg
"COSTA, EDUARDO RAUL",http://www.diputados.gob.ar/diputados/ecosta/,http://www4.hcdn.gob.ar/fotos/ecosta_medium.jpg
"CREMER DE BUSTI, MARIA CRISTINA",http://www.diputados.gob.ar/diputados/mcremer/,http://www4.hcdn.gob.ar/fotos/mcremer_medium.jpg
"CUCCOVILLO, RICARDO OSCAR",http://www.diputados.gob.ar/diputados/rcuccovillo/,http://www4.hcdn.gob.ar/fotos/rcuccovillo_medium.jpg
"CURRILEN, OSCAR RUBEN",http://www.diputados.gob.ar/diputados/ocurrilen/,http://www4.hcdn.gob.ar/fotos/ocurrilen_medium.jpg
"DATO, ALFREDO CARLOS",http://www.diputados.gob.ar/diputados/adato/,http://www4.hcdn.gob.ar/fotos/adato_medium.jpg
"DE FERRARI RUEDA, PATRICIA",http://www.diputados.gob.ar/diputados/pdeferrarir/,http://www4.hcdn.gob.ar/fotos/pdeferrarir_medium.jpg
"DE GENNARO, VICTOR NORBERTO",http://www.diputados.gob.ar/diputados/vdegennaro/,http://www4.hcdn.gob.ar/fotos/vdegennaro_medium.jpg
"DE MARCHI, OMAR BRUNO",http://www.diputados.gob.ar/diputados/odemarchi/,http://www4.hcdn.gob.ar/fotos/odemarchi_medium.jpg
"DE NARVAEZ, FRANCISCO",http://www.diputados.gob.ar/diputados/fdenarvaez/,http://www4.hcdn.gob.ar/fotos/fdenarvaez_medium.jpg
"DE PEDRO, EDUARDO ENRIQUE",http://www.diputados.gob.ar/diputados/edepedro/,http://www4.hcdn.gob.ar/fotos/edepedro_medium.jpg
"DE PRAT GAY, ALFONSO",http://www.diputados.gob.ar/diputados/apratgay/,http://www4.hcdn.gob.ar/fotos/apratgay_medium.jpg
"DEPETRI, EDGARDO FERNANDO",http://www.diputados.gob.ar/diputados/edepetri/,http://www4.hcdn.gob.ar/fotos/edepetri_medium.jpg
"DI TULLIO, JULIANA",http://www.diputados.gob.ar/diputados/jditullio/,http://www4.hcdn.gob.ar/fotos/jditullio_medium.jpg
"DIAZ BANCALARI, JOSE MARIA",http://www.diputados.gob.ar/diputados/jdiaz/,http://www4.hcdn.gob.ar/fotos/jdiaz_medium.jpg
"DIAZ ROIG, JUAN CARLOS",http://www.diputados.gob.ar/diputados/jdiazr/,http://www4.hcdn.gob.ar/fotos/jdiazr_medium.jpg
"DOMINGUEZ, JULIAN ANDRES",http://www.diputados.gob.ar/diputados/jdominguez/,http://www4.hcdn.gob.ar/fotos/jdominguez_medium.jpg
"DONDA PEREZ, VICTORIA ANALIA",http://www.diputados.gob.ar/diputados/vdondap/,http://www4.hcdn.gob.ar/fotos/vdondap_medium.jpg
"DONKIN, CARLOS GUILLERMO",http://www.diputados.gob.ar/diputados/cdonkin/,http://www4.hcdn.gob.ar/fotos/cdonkin_medium.jpg
"DUCLOS, OMAR ARNALDO",http://www.diputados.gob.ar/diputados/oduclos/,http://www4.hcdn.gob.ar/fotos/oduclos_medium.jpg
"ELORRIAGA, OSVALDO ENRIQUE",http://www.diputados.gob.ar/diputados/oelorriaga/,http://www4.hcdn.gob.ar/fotos/oelorriaga_medium.jpg
"ESPINDOLA, GLADYS SUSANA",http://www.diputados.gob.ar/diputados/gespindola/,http://www4.hcdn.gob.ar/fotos/gespindola_medium.jpg
"FADUL, LILIANA",http://www.diputados.gob.ar/diputados/lfadul/,http://www4.hcdn.gob.ar/fotos/lfadul_medium.jpg
"FAUSTINELLI, HIPOLITO",http://www.diputados.gob.ar/diputados/hfaustinelli/,http://www4.hcdn.gob.ar/fotos/hfaustinelli_medium.jpg
"FAVARIO, CARLOS ALBERTO",http://www.diputados.gob.ar/diputados/cfavario/,http://www4.hcdn.gob.ar/fotos/cfavario_medium.jpg
"FELETTI, ROBERTO JOSE",http://www.diputados.gob.ar/diputados/rfeletti/,http://www4.hcdn.gob.ar/fotos/rfeletti_medium.jpg
"FELIX, OMAR CHAFI",http://www.diputados.gob.ar/diputados/ofelix/,http://www4.hcdn.gob.ar/fotos/ofelix_medium.jpg
"FERNANDEZ, RODOLFO ALFREDO",http://www.diputados.gob.ar/diputados/rfernandez/,http://www4.hcdn.gob.ar/fotos/rfernandez_medium.jpg
"FERNANDEZ SAGASTI, ANABEL",http://www.diputados.gob.ar/diputados/afernandezs/,http://www4.hcdn.gob.ar/fotos/afernandezs_medium.jpg
"FERRA DE BARTOL, MARGARITA",http://www.diputados.gob.ar/diputados/mferra/,http://www4.hcdn.gob.ar/fotos/mferra_medium.jpg
"FERRARI, GUSTAVO ALFREDO HORACIO",http://www.diputados.gob.ar/diputados/gferrari/,http://www4.hcdn.gob.ar/fotos/gferrari_medium.jpg
"FERREYRA, ARACELI",http://www.diputados.gob.ar/diputados/aferreyra/,http://www4.hcdn.gob.ar/fotos/aferreyra_medium.jpg
"FIAD, MARIO RAYMUNDO",http://www.diputados.gob.ar/diputados/mfiad/,http://www4.hcdn.gob.ar/fotos/mfiad_medium.jpg
"FIORE VIÑUALES, MARIA CRISTINA DEL VALLE",http://www.diputados.gob.ar/diputados/mfiorev/,http://www4.hcdn.gob.ar/fotos/mfiorev_medium.jpg
"FORCONI, JUAN CARLOS",http://www.diputados.gob.ar/diputados/jforconi/,http://www4.hcdn.gob.ar/fotos/jforconi_medium.jpg
"FORTE, ULISES UMBERTO JOSE",http://www.diputados.gob.ar/diputados/uforte/,http://www4.hcdn.gob.ar/fotos/uforte_medium.jpg
"FORTUNA, FRANCISCO JOSE",http://www.diputados.gob.ar/diputados/ffortuna/,http://www4.hcdn.gob.ar/fotos/ffortuna_medium.jpg
"FRANCIONI, FABIAN MARCELO",http://www.diputados.gob.ar/diputados/ffrancioni/,http://www4.hcdn.gob.ar/fotos/ffrancioni_medium.jpg
"GALLARDO, MIRIAM GRACIELA",http://www.diputados.gob.ar/diputados/mgallardo/,http://www4.hcdn.gob.ar/fotos/mgallardo_medium.jpg
"GAMBARO, NATALIA",http://www.diputados.gob.ar/diputados/ngambaro/,http://www4.hcdn.gob.ar/fotos/ngambaro_medium.jpg
"GARCIA, ANDREA FABIANA",http://www.diputados.gob.ar/diputados/agarcia/,http://www4.hcdn.gob.ar/fotos/agarcia_medium.jpg
"GARCIA, MARIA TERESA",http://www.diputados.gob.ar/diputados/mgarcia/,http://www4.hcdn.gob.ar/fotos/mgarcia_medium.jpg
"GARCIA LARRABURU, SILVINA MARCELA",http://www.diputados.gob.ar/diputados/sgarcial/,http://www4.hcdn.gob.ar/fotos/sgarcial_medium.jpg
"GARNERO, ESTELA RAMONA",http://www.diputados.gob.ar/diputados/egarnero/,http://www4.hcdn.gob.ar/fotos/egarnero_medium.jpg
"GARRAMUÑO, JORGE ALBERTO",http://www.diputados.gob.ar/diputados/jgarramuno/,http://www4.hcdn.gob.ar/fotos/jgarramuno_medium.jpg
"GARRIDO, MANUEL",http://www.diputados.gob.ar/diputados/mgarrido/,http://www4.hcdn.gob.ar/fotos/mgarrido_medium.jpg
"GDANSKY, CARLOS ENRIQUE",http://www.diputados.gob.ar/diputados/cgdansky/,http://www4.hcdn.gob.ar/fotos/cgdansky_medium.jpg
"GERMANO, DANIEL",http://www.diputados.gob.ar/diputados/dgermano/,http://www4.hcdn.gob.ar/fotos/dgermano_medium.jpg
"GIACCONE, CLAUDIA ALEJANDRA",http://www.diputados.gob.ar/diputados/cgiaccone/,http://www4.hcdn.gob.ar/fotos/cgiaccone_medium.jpg
"GIACOMINO, DANIEL OSCAR",http://www.diputados.gob.ar/diputados/dgiacomino/,http://www4.hcdn.gob.ar/fotos/dgiacomino_medium.jpg
"GIANNETTASIO, GRACIELA MARIA",http://www.diputados.gob.ar/diputados/ggiannettasio/,http://www4.hcdn.gob.ar/fotos/ggiannettasio_medium.jpg
"GIL LAVEDRA, RICARDO RODOLFO",http://www.diputados.gob.ar/diputados/rgill/,http://www4.hcdn.gob.ar/fotos/rgill_medium.jpg
"GIUBERGIA, MIGUEL ANGEL",http://www.diputados.gob.ar/diputados/mgiubergia/,http://www4.hcdn.gob.ar/fotos/mgiubergia_medium.jpg
"GONZALEZ, GLADYS ESTHER",http://www.diputados.gob.ar/diputados/ggonzalez/,http://www4.hcdn.gob.ar/fotos/ggonzalez_medium.jpg
"GONZALEZ, NANCY SUSANA",http://www.diputados.gob.ar/diputados/ngonzalez/,http://www4.hcdn.gob.ar/fotos/ngonzalez_medium.jpg
"GONZALEZ, JUAN DANTE",http://www.diputados.gob.ar/diputados/jgonzalez/,http://www4.hcdn.gob.ar/fotos/jgonzalez_medium.jpg
"GRANADOS, DULCE",http://www.diputados.gob.ar/diputados/dgranados/,http://www4.hcdn.gob.ar/fotos/dgranados_medium.jpg
"GROSSO, LEONARDO",http://www.diputados.gob.ar/diputados/lgrosso/,http://www4.hcdn.gob.ar/fotos/lgrosso_medium.jpg
"GUCCIONE, JOSE DANIEL",http://www.diputados.gob.ar/diputados/jguccione/,http://www4.hcdn.gob.ar/fotos/jguccione_medium.jpg
"GUTIERREZ, MONICA EDITH",http://www.diputados.gob.ar/diputados/mgutierrez/,http://www4.hcdn.gob.ar/fotos/mgutierrez_medium.jpg
"GUZMAN, OLGA ELIZABETH",http://www.diputados.gob.ar/diputados/oguzman/,http://www4.hcdn.gob.ar/fotos/oguzman_medium.jpg
"HARISPE, GASTON",http://www.diputados.gob.ar/diputados/gharispe/,http://www4.hcdn.gob.ar/fotos/gharispe_medium.jpg
"HELLER, CARLOS SALOMON",http://www.diputados.gob.ar/diputados/cheller/,http://www4.hcdn.gob.ar/fotos/cheller_medium.jpg
"HERRERA, JOSE ALBERTO",http://www.diputados.gob.ar/diputados/jherrera/,http://www4.hcdn.gob.ar/fotos/jherrera_medium.jpg
"HERRERA, GRISELDA NOEMI",http://www.diputados.gob.ar/diputados/gherrera/,http://www4.hcdn.gob.ar/fotos/gherrera_medium.jpg
"IANNI, ANA MARIA",http://www.diputados.gob.ar/diputados/aianni/,http://www4.hcdn.gob.ar/fotos/aianni_medium.jpg
"IBARRA, EDUARDO MAURICIO",http://www.diputados.gob.ar/diputados/eibarra/,http://www4.hcdn.gob.ar/fotos/eibarra_medium.jpg
"ITURRASPE, NORA GRACIELA",http://www.diputados.gob.ar/diputados/giturraspe/,http://www4.hcdn.gob.ar/fotos/giturraspe_medium.jpg
"JUNIO, JUAN CARLOS",http://www.diputados.gob.ar/diputados/jcjunio/,http://www4.hcdn.gob.ar/fotos/jcjunio_medium.jpg
"JURI, MARIANA",http://www.diputados.gob.ar/diputados/mjuri/,http://www4.hcdn.gob.ar/fotos/mjuri_medium.jpg
"KOSINER, PABLO FRANCISCO JUAN",http://www.diputados.gob.ar/diputados/pkosiner/,http://www4.hcdn.gob.ar/fotos/pkosiner_medium.jpg
"KRONEBERGER, DANIEL RICARDO",http://www.diputados.gob.ar/diputados/dkroneberger/,http://www4.hcdn.gob.ar/fotos/dkroneberger_medium.jpg
"KUNKEL, CARLOS MIGUEL",http://www.diputados.gob.ar/diputados/ckunkel/,http://www4.hcdn.gob.ar/fotos/ckunkel_medium.jpg
"LANDAU, JORGE ALBERTO",http://www.diputados.gob.ar/diputados/jlandau/,http://www4.hcdn.gob.ar/fotos/jlandau_medium.jpg
"LARROQUE, ANDRES",http://www.diputados.gob.ar/diputados/alarroque/,http://www4.hcdn.gob.ar/fotos/alarroque_medium.jpg
"LEDESMA, JULIO RUBEN",http://www.diputados.gob.ar/diputados/jledesma/,http://www4.hcdn.gob.ar/fotos/jledesma_medium.jpg
"LEVERBERG, STELLA MARIS",http://www.diputados.gob.ar/diputados/sleverberg/,http://www4.hcdn.gob.ar/fotos/sleverberg_medium.jpg
"LINARES, MARIA VIRGINIA",http://www.diputados.gob.ar/diputados/vlinares/,http://www4.hcdn.gob.ar/fotos/vlinares_medium.jpg
"LLANOS, ERMINDO EDGARDO MARCELO",http://www.diputados.gob.ar/diputados/eellanos/,http://www4.hcdn.gob.ar/fotos/eellanos_medium.jpg
"LOTTO, INES BEATRIZ",http://www.diputados.gob.ar/diputados/ilotto/,http://www4.hcdn.gob.ar/fotos/ilotto_medium.jpg
"LOZANO, CLAUDIO",http://www.diputados.gob.ar/diputados/clozano/,http://www4.hcdn.gob.ar/fotos/clozano_medium.jpg
"MAJDALANI, SILVIA CRISTINA",http://www.diputados.gob.ar/diputados/smajdalani/,http://www4.hcdn.gob.ar/fotos/smajdalani_medium.jpg
"MALDONADO, VICTOR HUGO",http://www.diputados.gob.ar/diputados/vmaldonado/,http://www4.hcdn.gob.ar/fotos/vmaldonado_medium.jpg
"MARTINEZ, JULIO CESAR",http://www.diputados.gob.ar/diputados/jmartinez/,http://www4.hcdn.gob.ar/fotos/jmartinez_medium.jpg
"MARTINEZ, ERNESTO FELIX",http://www.diputados.gob.ar/diputados/emartinezc/,http://www4.hcdn.gob.ar/fotos/emartinezc_medium.jpg
"MARTINEZ, SOLEDAD",http://www.diputados.gob.ar/diputados/smartinez/,http://www4.hcdn.gob.ar/fotos/smartinez_medium.jpg
"MARTINEZ, OSCAR ARIEL",http://www.diputados.gob.ar/diputados/omartinez/,http://www4.hcdn.gob.ar/fotos/omartinez_medium.jpg
"MAZZARELLA, SUSANA DEL VALLE",http://www.diputados.gob.ar/diputados/smazzarelladelv/,http://www4.hcdn.gob.ar/fotos/smazzarelladelv_medium.jpg
"MENDOZA, MAYRA SOLEDAD",http://www.diputados.gob.ar/diputados/mmendoza/,http://www4.hcdn.gob.ar/fotos/mmendoza_medium.jpg
"MENDOZA, SANDRA MARCELA",http://www.diputados.gob.ar/diputados/smendoza/,http://www4.hcdn.gob.ar/fotos/smendoza_medium.jpg
"METAZA, MARIO ALFREDO",http://www.diputados.gob.ar/diputados/mmetaza/,http://www4.hcdn.gob.ar/fotos/mmetaza_medium.jpg
"MICHETTI, MARTA GABRIELA",http://www.diputados.gob.ar/diputados/gmichetti/,http://www4.hcdn.gob.ar/fotos/gmichetti_medium.jpg
"MILMAN, GERARDO FABIAN",http://www.diputados.gob.ar/diputados/gmilman/,http://www4.hcdn.gob.ar/fotos/gmilman_medium.jpg
"MOLAS, PEDRO OMAR",http://www.diputados.gob.ar/diputados/pmolas/,http://www4.hcdn.gob.ar/fotos/pmolas_medium.jpg
"MOLINA, MANUEL ISAURO",http://www.diputados.gob.ar/diputados/mmolina/,http://www4.hcdn.gob.ar/fotos/mmolina_medium.jpg
"MONGELO, JOSE RICARDO",http://www.diputados.gob.ar/diputados/jmongelo/,http://www4.hcdn.gob.ar/fotos/jmongelo_medium.jpg
"MORENO, CARLOS JULIO",http://www.diputados.gob.ar/diputados/cmoreno/,http://www4.hcdn.gob.ar/fotos/cmoreno_medium.jpg
"MOUILLERON, ROBERTO MARIO",http://www.diputados.gob.ar/diputados/rmouilleron/,http://www4.hcdn.gob.ar/fotos/rmouilleron_medium.jpg
"MOYANO, JUAN FACUNDO",http://www.diputados.gob.ar/diputados/fmoyano/,http://www4.hcdn.gob.ar/fotos/fmoyano_medium.jpg
"MÜLLER, EDGAR RAUL",http://www.diputados.gob.ar/diputados/emuller/,http://www4.hcdn.gob.ar/fotos/emuller_medium.jpg
"MÜLLER, MABEL HILDA",http://www.diputados.gob.ar/diputados/mmuller/,http://www4.hcdn.gob.ar/fotos/mmuller_medium.jpg
"NAVARRO, GRACIELA",http://www.diputados.gob.ar/diputados/gnavarro/,http://www4.hcdn.gob.ar/fotos/gnavarro_medium.jpg
"NEBREDA, CARMEN ROSA",http://www.diputados.gob.ar/diputados/cnebreda/,http://www4.hcdn.gob.ar/fotos/cnebreda_medium.jpg
"NEGRI, MARIO RAUL",http://www.diputados.gob.ar/diputados/mnegri/,http://www4.hcdn.gob.ar/fotos/mnegri_medium.jpg
"OBIGLIO, JULIAN MARTIN",http://www.diputados.gob.ar/diputados/jobiglio/,http://www4.hcdn.gob.ar/fotos/jobiglio_medium.jpg
"OCAÑA, MARIA GRACIELA",http://www.diputados.gob.ar/diputados/mocana/,http://www4.hcdn.gob.ar/fotos/mocana_medium.jpg
"OLIVA, CRISTIAN RODOLFO",http://www.diputados.gob.ar/diputados/coliva/,http://www4.hcdn.gob.ar/fotos/coliva_medium.jpg
"OLMEDO, ALFREDO HORACIO",http://www.diputados.gob.ar/diputados/aolmedo/,http://www4.hcdn.gob.ar/fotos/aolmedo_medium.jpg
"OPORTO, MARIO NESTOR",http://www.diputados.gob.ar/diputados/moporto/,http://www4.hcdn.gob.ar/fotos/moporto_medium.jpg
"ORSOLINI, PABLO EDUARDO",http://www.diputados.gob.ar/diputados/porsolini/,http://www4.hcdn.gob.ar/fotos/porsolini_medium.jpg
"ORTIZ, MARIELA",http://www.diputados.gob.ar/diputados/mortiz/,http://www4.hcdn.gob.ar/fotos/mortiz_medium.jpg
"ORTIZ CORREA, MARCIA SARA MARIA",http://www.diputados.gob.ar/diputados/mortizcorrea/,http://www4.hcdn.gob.ar/fotos/mortizcorrea_medium.jpg
"PAIS, JUAN MARIO",http://www.diputados.gob.ar/diputados/jpais/,http://www4.hcdn.gob.ar/fotos/jpais_medium.jpg
"PANSA, SERGIO HORACIO",http://www.diputados.gob.ar/diputados/spansa/,http://www4.hcdn.gob.ar/fotos/spansa_medium.jpg
"PARADA, LILIANA BEATRIZ",http://www.diputados.gob.ar/diputados/lparada/,http://www4.hcdn.gob.ar/fotos/lparada_medium.jpg
"PASTORIZA, MIRTA AMELIANA",http://www.diputados.gob.ar/diputados/mpastoriza/,http://www4.hcdn.gob.ar/fotos/mpastoriza_medium.jpg
"PERALTA, FABIAN FRANCISCO",http://www.diputados.gob.ar/diputados/fperalta/,http://www4.hcdn.gob.ar/fotos/fperalta_medium.jpg
"PEREZ, ALBERTO JOSE",http://www.diputados.gob.ar/diputados/ajperez/,http://www4.hcdn.gob.ar/fotos/ajperez_medium.jpg
"PERIE, JULIA ARGENTINA",http://www.diputados.gob.ar/diputados/jperie/,http://www4.hcdn.gob.ar/fotos/jperie_medium.jpg
"PEROTTI, OMAR ANGEL",http://www.diputados.gob.ar/diputados/operotti/,http://www4.hcdn.gob.ar/fotos/operotti_medium.jpg
"PERRONI, ANA MARIA",http://www.diputados.gob.ar/diputados/aperroni/,http://www4.hcdn.gob.ar/fotos/aperroni_medium.jpg
"PIEMONTE, HECTOR HORACIO",http://www.diputados.gob.ar/diputados/hpiemonte/,http://www4.hcdn.gob.ar/fotos/hpiemonte_medium.jpg
"PIETRAGALLA CORTI, HORACIO",http://www.diputados.gob.ar/diputados/hpietragallac/,http://www4.hcdn.gob.ar/fotos/hpietragallac_medium.jpg
"PILATTI VERGARA, MARIA INES",http://www.diputados.gob.ar/diputados/mpilattiv/,http://www4.hcdn.gob.ar/fotos/mpilattiv_medium.jpg
"PINEDO, FEDERICO",http://www.diputados.gob.ar/diputados/fpinedo/,http://www4.hcdn.gob.ar/fotos/fpinedo_medium.jpg
"PLAINI, FRANCISCO OMAR",http://www.diputados.gob.ar/diputados/oplaini/,http://www4.hcdn.gob.ar/fotos/oplaini_medium.jpg
"PORTELA, AGUSTIN ALBERTO",http://www.diputados.gob.ar/diputados/aportela/,http://www4.hcdn.gob.ar/fotos/aportela_medium.jpg
"PRADINES, ROBERTO ARTURO",http://www.diputados.gob.ar/diputados/rpradines/,http://www4.hcdn.gob.ar/fotos/rpradines_medium.jpg
"PUCHETA, RAMONA",http://www.diputados.gob.ar/diputados/rpucheta/,http://www4.hcdn.gob.ar/fotos/rpucheta_medium.jpg
"PUERTA, FEDERICO RAMON",http://www.diputados.gob.ar/diputados/fpuerta/,http://www4.hcdn.gob.ar/fotos/fpuerta_medium.jpg
"PUIGGROS, ADRIANA VICTORIA",http://www.diputados.gob.ar/diputados/apuiggros/,http://www4.hcdn.gob.ar/fotos/apuiggros_medium.jpg
"RAIMUNDI, CARLOS ALBERTO",http://www.diputados.gob.ar/diputados/craimundi/,http://www4.hcdn.gob.ar/fotos/craimundi_medium.jpg
"RASINO, ELIDA ELENA",http://www.diputados.gob.ar/diputados/erasino/,http://www4.hcdn.gob.ar/fotos/erasino_medium.jpg
"RE, HILMA LEONOR",http://www.diputados.gob.ar/diputados/hre/,http://www4.hcdn.gob.ar/fotos/hre_medium.jpg
"RECALDE, HECTOR PEDRO",http://www.diputados.gob.ar/diputados/hrecalde/,http://www4.hcdn.gob.ar/fotos/hrecalde_medium.jpg
"REDCZUK, OSCAR FELIPE",http://www.diputados.gob.ar/diputados/oredczuk/,http://www4.hcdn.gob.ar/fotos/oredczuk_medium.jpg
"REGAZZOLI, MARIA CRISTINA",http://www.diputados.gob.ar/diputados/mregazzoli/,http://www4.hcdn.gob.ar/fotos/mregazzoli_medium.jpg
"RIESTRA, ANTONIO SABINO",http://www.diputados.gob.ar/diputados/ariestra/,http://www4.hcdn.gob.ar/fotos/ariestra_medium.jpg
"RIOS, LILIANA MARIA",http://www.diputados.gob.ar/diputados/lrios/,http://www4.hcdn.gob.ar/fotos/lrios_medium.jpg
"RIOS, ROBERTO FABIAN",http://www.diputados.gob.ar/diputados/frios/,http://www4.hcdn.gob.ar/fotos/frios_medium.jpg
"RISKO, SILVIA LUCRECIA",http://www.diputados.gob.ar/diputados/srisko/,http://www4.hcdn.gob.ar/fotos/srisko_medium.jpg
"RIVARA, RAUL ALBERTO",http://www.diputados.gob.ar/diputados/rrivara/,http://www4.hcdn.gob.ar/fotos/rrivara_medium.jpg
"RIVAROLA, RUBEN ARMANDO",http://www.diputados.gob.ar/diputados/rrivarola/,http://www4.hcdn.gob.ar/fotos/rrivarola_medium.jpg
"RIVAS, JORGE",http://www.diputados.gob.ar/diputados/jrivas/,http://www4.hcdn.gob.ar/fotos/jrivas_medium.jpg
"ROBERTI, ALBERTO OSCAR",http://www.diputados.gob.ar/diputados/aroberti/,http://www4.hcdn.gob.ar/fotos/aroberti_medium.jpg
"ROBLEDO, ROBERTO RICARDO",http://www.diputados.gob.ar/diputados/rrobledo/,http://www4.hcdn.gob.ar/fotos/rrobledo_medium.jpg
"RODRIGUEZ, MARCELA VIRGINIA",http://www.diputados.gob.ar/diputados/mrodriguez/,http://www4.hcdn.gob.ar/fotos/mrodriguez_medium.jpg
"ROGEL, FABIAN DULIO",http://www.diputados.gob.ar/diputados/frogel/,http://www4.hcdn.gob.ar/fotos/frogel_medium.jpg
"RUCCI, CLAUDIA MONICA",http://www.diputados.gob.ar/diputados/crucci/,http://www4.hcdn.gob.ar/fotos/crucci_medium.jpg
"RUIZ, AIDA DELIA",http://www.diputados.gob.ar/diputados/aruiz/,http://www4.hcdn.gob.ar/fotos/aruiz_medium.jpg
"SABBATELLA, MARTIN",http://www.diputados.gob.ar/diputados/msabbatella/,http://www4.hcdn.gob.ar/fotos/msabbatella_medium.jpg
"SACCA, LUIS FERNANDO",http://www.diputados.gob.ar/diputados/lsacca/,http://www4.hcdn.gob.ar/fotos/lsacca_medium.jpg
"SALIM, JUAN ARTURO",http://www.diputados.gob.ar/diputados/jsalim/,http://www4.hcdn.gob.ar/fotos/jsalim_medium.jpg
"SANTILLAN, WALTER MARCELO",http://www.diputados.gob.ar/diputados/wsantillan/,http://www4.hcdn.gob.ar/fotos/wsantillan_medium.jpg
"SANTIN, EDUARDO",http://www.diputados.gob.ar/diputados/esantin/,http://www4.hcdn.gob.ar/fotos/esantin_medium.jpg
"SCHMIDT LIERMANN, CORNELIA",http://www.diputados.gob.ar/diputados/csliermann/,http://www4.hcdn.gob.ar/fotos/csliermann_medium.jpg
"SCIUTTO, RUBEN DARIO",http://www.diputados.gob.ar/diputados/rsciutto/,http://www4.hcdn.gob.ar/fotos/rsciutto_medium.jpg
"SEGARRA, ADELA ROSA",http://www.diputados.gob.ar/diputados/asegarra/,http://www4.hcdn.gob.ar/fotos/asegarra_medium.jpg
"SIMONCINI, SILVIA ROSA",http://www.diputados.gob.ar/diputados/ssimoncini/,http://www4.hcdn.gob.ar/fotos/ssimoncini_medium.jpg
"SOLA, FELIPE CARLOS",http://www.diputados.gob.ar/diputados/fsola/,http://www4.hcdn.gob.ar/fotos/fsola_medium.jpg
"SOLANAS, FERNANDO EZEQUIEL",http://www.diputados.gob.ar/diputados/fsolanas/,http://www4.hcdn.gob.ar/fotos/fsolanas_medium.jpg
"SOLANAS, JULIO RODOLFO",http://www.diputados.gob.ar/diputados/jsolanas/,http://www4.hcdn.gob.ar/fotos/jsolanas_medium.jpg
"SOTO, GLADYS BEATRIZ",http://www.diputados.gob.ar/diputados/gsoto/,http://www4.hcdn.gob.ar/fotos/gsoto_medium.jpg
"STOLBIZER, MARGARITA ROSA",http://www.diputados.gob.ar/diputados/mstolbizer/,http://www4.hcdn.gob.ar/fotos/mstolbizer_medium.jpg
"STORANI, MARIA LUISA",http://www.diputados.gob.ar/diputados/mstorani/,http://www4.hcdn.gob.ar/fotos/mstorani_medium.jpg
"TERADA, ALICIA",http://www.diputados.gob.ar/diputados/aterada/,http://www4.hcdn.gob.ar/fotos/aterada_medium.jpg
"THOMAS, ENRIQUE LUIS",http://www.diputados.gob.ar/diputados/ethomas/,http://www4.hcdn.gob.ar/fotos/ethomas_medium.jpg
"TINEO, JAVIER HECTOR",http://www.diputados.gob.ar/diputados/jtineo/,http://www4.hcdn.gob.ar/fotos/jtineo_medium.jpg
"TOMAS, HECTOR DANIEL",http://www.diputados.gob.ar/diputados/htomas/,http://www4.hcdn.gob.ar/fotos/htomas_medium.jpg
"TONELLI, PABLO GABRIEL",http://www.diputados.gob.ar/diputados/ptonelli/,http://www4.hcdn.gob.ar/fotos/ptonelli_medium.jpg
"TRIACA, ALBERTO JORGE",http://www.diputados.gob.ar/diputados/atriaca/,http://www4.hcdn.gob.ar/fotos/atriaca_medium.jpg
"TUNESSI, JUAN PEDRO",http://www.diputados.gob.ar/diputados/jtunessi/,http://www4.hcdn.gob.ar/fotos/jtunessi_medium.jpg
"UÑAC, JOSE RUBEN",http://www.diputados.gob.ar/diputados/junac/,http://www4.hcdn.gob.ar/fotos/junac_medium.jpg
"VALINOTTO, JORGE ANSELMO",http://www.diputados.gob.ar/diputados/jvalinotto/,http://www4.hcdn.gob.ar/fotos/jvalinotto_medium.jpg
"VAQUIE, ENRIQUE ANDRES",http://www.diputados.gob.ar/diputados/evaquie/,http://www4.hcdn.gob.ar/fotos/evaquie_medium.jpg
"VEAUTE, MARIANA ALEJANDRA",http://www.diputados.gob.ar/diputados/mveaute/,http://www4.hcdn.gob.ar/fotos/mveaute_medium.jpg
"VIDELA, NORA ESTHER",http://www.diputados.gob.ar/diputados/nvidela/,http://www4.hcdn.gob.ar/fotos/nvidela_medium.jpg
"VILARIÑO, JOSE ANTONIO",http://www.diputados.gob.ar/diputados/jvilarino/,http://www4.hcdn.gob.ar/fotos/jvilarino_medium.jpg
"VILLA, JOSE ANTONIO",http://www.diputados.gob.ar/diputados/jvilla/,http://www4.hcdn.gob.ar/fotos/jvilla_medium.jpg
"VILLATA, GRACIELA SUSANA",http://www.diputados.gob.ar/diputados/gvillata/,http://www4.hcdn.gob.ar/fotos/gvillata_medium.jpg
"WAYAR, WALTER RAUL",http://www.diputados.gob.ar/diputados/wwayar/,http://www4.hcdn.gob.ar/fotos/wwayar_medium.jpg
"YAGÜE, LINDA CRISTINA",http://www.diputados.gob.ar/diputados/lyague/,http://www4.hcdn.gob.ar/fotos/lyague_medium.jpg
"YARADE, FERNANDO",http://www.diputados.gob.ar/diputados/fyarade/,http://www4.hcdn.gob.ar/fotos/fyarade_medium.jpg
"YAZBEK, RUBEN DAVID",http://www.diputados.gob.ar/diputados/ryazbek/,http://www4.hcdn.gob.ar/fotos/ryazbek_medium.jpg
"YOMA, JORGE RAUL",http://www.diputados.gob.ar/diputados/jyoma/,http://www4.hcdn.gob.ar/fotos/jyoma_medium.jpg
"ZABALZA, JUAN CARLOS",http://www.diputados.gob.ar/diputados/jzabalza/,http://www4.hcdn.gob.ar/fotos/jzabalza_medium.jpg
"ZAMARREÑO, MARIA EUGENIA",http://www.diputados.gob.ar/diputados/mzamarreno/,http://www4.hcdn.gob.ar/fotos/mzamarreno_medium.jpg
"ZIEBART, CRISTINA ISABEL",http://www.diputados.gob.ar/diputados/cziebart/,http://www4.hcdn.gob.ar/fotos/cziebart_medium.jpg
"ZIEGLER, ALEX ROBERTO",http://www.diputados.gob.ar/diputados/aziegler/,http://www4.hcdn.gob.ar/fotos/aziegler_medium.jpg
